ACT201,1,AhU
ACT201,2,Anb
ACT201,3,Anb
ACT201,4,Aru
ACT201,5,ASy
ACT201,6,ASy
ACT201,7,FHW
ACT201,8,IAC
ACT201,9,IAC
ACT201,10,MdM
ACT201,11,TBA
ACT201,12,NNh
ACT201,13,NNh
ACT201,14,SHA1
ACT201,15,RNH
ACT201,16,SaT
ACT201,17,SHA1
ACT201,18,SHA1
ACT201,19,SoR
ACT201,20,SoR
ACT201,21,Sys
ACT201,22,Sys
ACT201,23,TsA
ACT201,24,TSj
ACT201,25,TSj
ACT201,26,TSj
ACT202,1,Aru
ACT202,2,FHW
ACT202,3,BFK
ACT202,4,BFK
ACT202,5,FHW
ACT202,6,BFK
ACT202,7,BFK
ACT202,8,KHM
ACT202,9,Rby
ACT202,10,Rby
ACT202,11,Rkb
ACT202,12,RMH1
ACT202,13,RMH1
ACT202,14,RNH
ACT202,15,RMH1
ACT202,16,SoR
ACT202,17,SoR
ACT202,18,Trq
ACT202,19,TsA
ACT310,1,MGR
ACT310,2,Rby
ACT310,3,Rkb
ACT320,1,MGR
ACT320,2,MGR
ACT320,3,Rkb
ACT320,4,RMH1
ACT330,1,Ani
ACT330,2,Ani
ACT360,1,Ani
ACT360,2,Ani
ACT360,3,Rby
ACT370,1,AhU
ACT370,2,AhU
ACT370,3,KSR
ACT370,4,KSR
ACT380,1,IAz
ACT410,1,AhU
ACT410,2,SaT
ACT410,3,TkS
ACT430,1,AhU
ACT460,1,MGR
ANT101,1,BSq
ANT101,2,BSq
ANT101,3,MHR3
ANT101,4,TZf
ANT101,5,AMI1
ARC111,1,TBA
ARC111,2,TkH
ARC111,3,SdS1
ARC112,1,STS3
ARC121,1,Siu
ARC121,2,NAw
ARC121,3,MTm2
ARC122,1,HUR
ARC122,2,SnF
ARC123,3,SqR
ARC123,4,AHs1
ARC123,5,STS3
ARC131,1,STS3
ARC131,2,STS3
ARC133,1,RMY
ARC200,2,Mun
ARC213,1,Siu
ARC213,2,MKu
ARC214,1,Kdi
ARC215,1,SqR
ARC241,1,SqR
ARC242,1,SIK3
ARC242,2,AHs1
ARC251,1,IsH
ARC261,1,Siu
ARC261,2,SIK3
ARC262,1,Siu
ARC263,1,Mfn
ARC264,1,KTM
ARC271,1,SnF
ARC272,1,Mun
ARC273,1,SqR
ARC273,2,SqR
ARC281,1,THK
ARC282,1,HRK
ARC283,1,HRK
ARC310,1,IsH
ARC310,2,MTm2
ARC316,1,AHs1
ARC316,2,SAM1
ARC317,1,Mfn
ARC317,2,SnF
ARC318,1,SJd
ARC318,2,RMY
ARC324,1,Rqh
ARC324,2,MTm2
ARC334,1,AHs1
ARC343,1,Mun
ARC344,1,HUR
ARC384,1,THK
ARC410,1,SJd
ARC418,1,IsH
ARC418,2,MTm2
ARC419,1,TBA
ARC419,2,NAw
ARC437,1,HUR
ARC445,1,SIK3
ARC474,1,Mfn
ARC500,1,HUR
ARC500,2,SIK3
ARC510,1,SIK3
ARC510,2,Mzc
ARC519,1,Rqh
ARC519,2,NKh
ARC535,1,IsH
ARC576,1,RMY
ARC596,1,HUR
ARC596,2,TBA
BBT103,1,SRS1
BBT201,1,IJn
BBT201,2,MH1
BBT201,3,AYS
BBT202,1,MSH3
BBT203,1,MNU1
BBT205,1,ZAB
BBT207,1,ZAB
BBT207,2,ZAB
BBT221,1,ZAB
BBT221,2,ZAB
BBT230,1,Mqn
BBT302,1,KRC
BBT303,1,KNH
BBT304,1,MSH3
BBT305,1,ZAB
BBT306,1,Sdl
BBT307,1,IJn
BBT308,1,CAK
BBT311,1,ACh
BBT312,1,MSH3
BBT312L,1,ACh
BBT312L,2,ACh
BBT314,1,KNH
BBT314L,1,AIq
BBT315,1,ZAB
BBT316,1,KNH
BBT316L,1,ZaF
BBT317,1,Sdl
BBT335,1,KRC
BBT402,1,Sdl
BBT405,1,Mqn
BBT410,1,HiM
BBT412,1,KRC
BBT413,1,CAK
BBT415,1,CAK
BBT416,1,Mqn
BBT417,1,IJn
BBT419,1,ZAB
BBT422,1,TBA
BBT422,2,TBA
BBT422,3,TBA
BBT425,1,HiM
BBT426,1,Sdl
BBT450,1,KNH
BBT491,1,Klq
BBT499,1,TBA
BBT499,2,TBA
BBT499,3,TBA
BBT499,4,TBA
BBT499,5,TBA
BBT601,1,IJn
BBT608,1,Awn
BBT615,1,IqM
BBT630,1,MRm4
BBT659,1,CAK
BBT685,1,RHS
BBT695,1,HiM
BBT701,1,TBA
BBT701,2,TBA
BBT701,3,TBA
BBT701,4,TBA
BBT701,5,TBA
BBT701,6,TBA
BBT701,7,TBA
BBT701,8,TBA
BBT751,1,HiM
BEN205,1,Snj
BEN205,2,Rme
BEN205,3,Snj
BEN205,4,Rme
BEN205,5,TMz
BEN205,6,RKT
BEN205,7,ADy
BEN205,8,TMz
BEN205,9,MAz1
BEN205,10,TMz
BEN205,11,AdK1
BEN205,12,FrA3
BEN205,13,HBa
BEN205,14,MAz1
BEN205,15,Gdd
BEN205,16,AKA1
BEN205,17,CcK
BEN205,18,TBA
BEN205,19,CcK
BEN205,20,FrA3
BEN205,21,HBa
BEN205,22,AKA1
BEN205,23,ADy
BEN205,24,TBA
BEN205,25,TBA
BEN205,26,Rme
BEN205,27,ADy
BEN205,28,RKT
BEN205,29,Rme
BEN205,30,TBA
BEN205,31,TBA
BEN205,32,AdK1
BEN205,33,DnH
BEN205,34,AdK1
BEN205,35,Gdd
BEN205,36,AKA1
BEN205,37,TBA
BIO103,1,MNU1
BIO103,2,MjH1
BIO103,3,AIq
BIO103,4,CAK
BIO103,5,KNH
BIO103,6,FZd
BIO103,7,SRS1
BIO103,8,AIq
BIO103,9,FZd
BIO103,10,MjH1
BIO103,11,SKK
BIO103,12,MjH1
BIO103,13,SKK
BIO103,14,SRS1
BIO103,15,AIq
BIO103,16,AMK3
BIO103,17,LtB
BIO103,18,ACR
BIO103,19,LtB
BIO103,20,AMK3
BIO103,21,KFR
BIO103,22,MNU1
BIO103,23,ZaF
BIO103L,1,IJn
BIO103L,2,IJn
BIO103L,3,IJn
BIO103L,4,SKK
BIO103L,5,SKK
BIO103L,6,SKK
BIO103L,7,MjH1
BIO103L,8,MjH1
BIO103L,9,MjH1
BIO103L,10,ACh
BIO103L,11,ACh
BIO103L,12,ACh
BIO103L,13,ZAB
BIO103L,14,ZAB
BIO103L,15,ZAB
BIO103L,16,Klq
BIO103L,17,Klq
BIO103L,18,Klq
BIO103L,19,MjH1
BIO103L,20,MjH1
BIO103L,21,MjH1
BIO201,1,IJn
BIO201,2,ACh
BIO201,3,ACh
BIO201L,1,ACh
BIO201L,2,ACh
BIO201L,3,ACh
BIO202,1,FSs1
BIO202,2,NBb
BIO202,3,FSs1
BIO202,4,APz
BIO202L,1,NBb
BIO202L,2,NBb
BIO202L,3,SRS1
BSC201,1,AK
BUS101,1,RHR1
BUS112,1,SkA2
BUS112,2,SkA2
BUS112,5,Mdt
BUS112,6,Mdt
BUS112,7,REK
BUS112,8,FUA
BUS112,9,HSf
BUS112,10,HSf
BUS112,11,AMO
BUS112,12,Bbn
BUS112,13,AgK
BUS112,14,AgK
BUS112,15,Rks
BUS112,16,MMR5
BUS112,17,Swk
BUS112,18,Swk
BUS112,19,MHK3
BUS112,20,MHK3
BUS112,21,TBA
BUS112,22,KMz
BUS112,23,AMO
BUS112,24,KMz
BUS135,1,TBA
BUS135,2,UmR
BUS135,3,TBA
BUS135,4,UmR
BUS135,5,Sfd
BUS135,6,INz
BUS135,7,MJL
BUS135,8,INz
BUS135,9,Sqm
BUS135,10,Sfd
BUS135,11,Sqm
BUS135,12,MJL
BUS172,1,TkN
BUS172,2,UmR
BUS172,3,AMj
BUS172,4,TkN
BUS172,5,UmR
BUS172,6,Ift
BUS172,7,ACD
BUS172,8,Ift
BUS172,9,Hdo
BUS172,10,MRM2
BUS172,11,Hdo
BUS172,12,AbS
BUS172,13,MMs1
BUS172,14,JHK
BUS172,15,MSA3
BUS172,16,MRM2
BUS172,18,Hdo
BUS172,19,MMs1
BUS172,20,KMn
BUS172,21,AbS
BUS172,22,MRK3
BUS172,23,IAM
BUS172,24,MSA3
BUS172,25,KMn
BUS172,26,Min
BUS172,27,MSA3
BUS172,28,MRK3
BUS173,1,MJL
BUS173,2,TkN
BUS173,3,MJL
BUS173,4,MHM
BUS173,5,MAt
BUS173,6,MHM
BUS173,7,TkN
BUS173,8,ZkH3
BUS173,9,ACD
BUS173,10,TkN
BUS173,11,Azd
BUS173,12,Min
BUS173,14,Azd
BUS173,15,Min
BUS173,16,IAM
BUS173,17,JHK
BUS173,18,ZkH3
BUS173,19,ZkH3
BUS173,20,MAt
BUS251,1,IsL
BUS251,2,MoH
BUS251,3,MoH
BUS251,4,IsL
BUS251,5,Sqt
BUS251,6,Rfq
BUS251,7,Rfq
BUS251,8,TyA
BUS251,9,TyA
BUS251,10,IsL
BUS251,11,TyA
BUS251,12,LkK
BUS251,13,KNM1
BUS251,14,SNR1
BUS251,15,LkK
BUS251,16,HMM1
BUS251,17,SSA1
BUS251,18,LkK
BUS251,19,HMM1
BUS251,20,KNM1
BUS251,21,FD
BUS251,22,FD
BUS498,1,JnA
BUS498,2,AMj
BUS498,3,ShL
BUS498,4,UTH
BUS498,5,ZbR
BUS498,6,ZkJ
BUS498,7,Alm
BUS498,8,MHM
BUS498,9,ShH
BUS498,10,AIK
BUS498,11,NwA
BUS498,12,MfW
BUS498,13,TuA
BUS498,14,Afd
BUS498,15,TkN
BUS498,16,Ift
BUS498,17,IsL
BUS498,18,JMS
BUS498,19,MjL
BUS498,20,Sqt
BUS498,21,Mli
BUS498,22,Mof
BUS498,23,KMS2
BUS498,24,YUB
BUS498,25,NLi
BUS498,26,RHL
BUS498,27,MBR1
BUS498,28,SmM4
BUS498,29,TYA
BUS498,30,QTI
BUS498,31,Rfq
BUS498,32,FsZ
BUS498,33,MAG
BUS498,34,MAO
BUS498,35,LkK
BUS498,36,Dsr
BUS498,37,FNa1
BUS498,38,HSK1
BUS498,39,KNM1
BUS498,40,MdH
BUS498,41,BHn
BUS498,42,SKI
BUS498,43,ZTK
BUS498,44,IJS
BUS498,45,SeH
BUS498,46,NTB
BUS498,47,AMD
BUS498,48,Rfe
BUS498,49,MHZ
BUS498,50,Fzy
BUS498,51,ALK
BUS498,52,Onf
BUS498,53,FHz
BUS498,54,Mbt
BUS498,55,Fss
BUS498,56,Emd
BUS498,57,IJL
BUS498,58,NNA
BUS498,59,QEA
BUS498,60,MM1
BUS498,61,Rst
BUS498,62,EhN
BUS498,63,MZL
BUS498,64,FCh
BUS498,65,Mev
BUS498,66,TFZ
BUS498,67,FdF
BUS498,68,Shadman
BUS498,69,AhM
BUS498,70,AhU
BUS498,71,Ani
BUS498,72,Asy
BUS498,73,BFK
BUS498,74,FFa
BUS498,75,HMu
BUS498,76,IAC
BUS498,77,KHT
BUS498,78,MdM
BUS498,79,MGR
BUS498,80,Mjd
BUS498,81,MN
BUS498,82,MzF
BUS498,83,Rby
BUS498,84,Rkb
BUS498,85,RNH
BUS498,86,SgS
BUS498,87,SnT
BUS498,88,Sys
BUS498,89,Tks
BUS498,90,TsA
BUS498,91,SaT
BUS498,92,RMH1
BUS498,93,Anb
BUS498,94,TNK
BUS498,95,SoR
BUS498,96,MNl1
BUS498,97,HHq1
BUS498,98,TSj
BUS498,99,SHA1
BUS498,100,SbK
BUS498,101,NNH
BUS498,102,FzH
BUS500,1,DF
BUS500,2,AWd
BUS500,3,AWd
BUS500,4,IAd
BUS501,1,AtR
BUS501,2,AAR
BUS501,3,StG
BUS501,4,Mot
BUS505,1,IAz
BUS505,2,IAz
BUS505,3,FHW
BUS505,4,MTq
BUS505,5,MTq
BUS511,1,AMj
BUS511,2,KZn
BUS511,3,KZn
BUS511,4,ZkH3
BUS516,1,UTH
BUS516,2,UTH
BUS516,3,MRq
BUS516,4,MRq
BUS518,1,NMA
BUS518,2,MRI3
BUS518,3,Zmn
BUS518,4,MNB2
BUS520,1,MdS
BUS520,2,Tfq
BUS520,4,ULM
BUS520,5,MSM3
BUS525,1,Tmr
BUS525,2,SAf1
BUS525,3,MAR
BUS525,5,KMZ2
BUS525,6,KMZ2
BUS525,7,StG
BUS530,1,AAR
BUS530,2,Tmr
BUS530,3,SAf1
BUS530,4,MCw
BUS530,5,AKP
BUS601,1,KsM
BUS601,2,NAM3
BUS601,3,Alm
BUS601,4,Tfq
BUS601,5,NAM3
BUS620,1,DSr
BUS620,2,MdH
BUS620,3,SRf
BUS620,4,HSK1
BUS620,5,FNa1
BUS620,6,HKC
BUS620,7,MdH
BUS635,1,Rma
BUS635,2,HMM
BUS635,3,MNl1
BUS635,4,Rma
BUS635,5,MSI1
BUS635,6,HMM
BUS635,7,MMH6
BUS650,1,Adz
BUS650,2,Mot
BUS650,3,FrS
BUS650,4,FrS
BUS685,1,ZMu
BUS685,2,ZMu
BUS685,3,KNM1
BUS685,4,AfR1
BUS685,5,AdK
BUS690,1,MdS
BUS690,3,CSF
BUS690,4,ZkJ
BUS690,5,CSF
BUS698,1,TBA
BUS699,1,TBA
BUS700,1,ZkJ
CEE100,1,SjI
CEE110,1,BMI
CEE110,2,TsR
CEE209,1,SEq
CEE209,2,SEq
CEE209L,1,BMI
CEE209L,2,BMI
CEE210,1,HRK
CEE211,1,Nmr
CEE211L,1,Nmr
CEE212,1,HRK
CEE212L,2,TsR
CEE213,1,TsR
CEE213,2,TsR
CEE213L,1,Jky
CEE213L,2,Jky
CEE214,1,JBr
CEE215,2,THK
CEE240,1,MMS4
CEE240L,1,TsR
CEE250,1,JBr
CEE250L,1,JBr
CEE250L,2,JBr
CEE260,1,SjI
CEE310,1,BMI
CEE330,1,MMS4
CEE330,2,MMS4
CEE330L,1,THK
CEE330L,2,THK
CEE331,1,Nzu
CEE335,1,HRK
CEE335L,1,THK
CEE335L,3,THK
CEE340,1,MMS4
CEE350,1,SbC
CEE360,1,SjI
CEE360L,1,SjI
CEE370,1,Ndz
CEE370L,1,Ndz
CEE373,1,Ndz
CEE373,2,Ndz
CEE373L,1,Ndz
CEE373L,2,Ndz
CEE410,1,SbC
CEE415,1,SbC
CEE460,1,Nmr
CEE470,1,SEq
CEE475,1,SjI
CEE490A,1,SbC
CEE490B,1,JBr
CEE492,1,SjI
CEE492,2,JBr
CEE492,3,HRK
CEE492,4,Ndz
CEE492,5,SbC
CEE492,6,SEq
CEE492,7,MMS4
CEE499A,1,MMS4
CEE499B,1,MMS4
CEG413,1,Sfm
CEG413,2,Sfm
CHE101,1,SB
CHE101,2,SB
CHE101,3,ZaF
CHE101,4,AIq
CHE101,5,ZaF
CHE101,6,TTb
CHE101,7,ZaF
CHE101,8,SB
CHE101,9,ACR
CHE101,10,AIq
CHE101,11,TTb
CHE101,12,MKr
CHE101,13,MH1
CHE101,14,MKr
CHE101,15,Mtn2
CHE101,16,ZaF
CHE101,17,Mtn2
CHE101,18,5-Mar
CHE101L,1,ACR
CHE101L,2,ACR
CHE101L,3,ACR
CHE101L,4,ACR
CHE101L,5,ACR
CHE101L,7,Klq
CHE101L,8,Klq
CHE101L,9,Klq
CHE101L,10,MH1
CHE101L,11,MH1
CHE101L,13,MH1
CHE101L,14,MH1
CHE101L,15,MH1
CHE101L,16,MH1
CHE101L,17,AYS
CHE101L,18,AYS
CHE101L,19,ACR
CHE120,1,SEq
CHE201,1,IJn
CHE201,2,MH1
CHE201,3,AYS
CHE202,1,MSH3
CHE202,2,MSH3
CHE202L,1,MSH3
CHE202L,2,MSH3
CHE202L,3,MSH3
CHE203,1,5-Mar
CHE203L,1,ACh
CHN101,1,Rbt
CHN101,3,Rbt
CHN101,4,Rbt
CHN201,1,Rbt
CSE115,1,TmM
CSE115,2,MLE
CSE115,3,MLE
CSE115,4,Rsl
CSE115,5,Rsl
CSE115,6,RjP
CSE115,7,HSM
CSE115,8,HSM
CSE115,9,RRa
CSE115,10,AKR
CSE115,11,AKR
CSE115,12,Mfs
CSE115,13,Mfs
CSE115,14,Srb
CSE115,15,Srb
CSE115,16,MMk1
CSE115,17,MMk1
CSE115,18,SFl
CSE115,19,SFl
CSE115,20,FAF1
CSE115,21,FdM
CSE115L,1,TmM
CSE115L,2,MLE
CSE115L,3,MLE
CSE115L,4,Rsl
CSE115L,5,Rsl
CSE115L,6,RjP
CSE115L,7,HSM
CSE115L,8,HSM
CSE115L,9,RRa
CSE115L,10,AKR
CSE115L,11,AKR
CSE115L,12,Mfs
CSE115L,13,Mfs
CSE115L,14,Srb
CSE115L,15,Srb
CSE115L,16,MMk1
CSE115L,17,MMk1
CSE115L,18,SFl
CSE115L,19,SFl
CSE115L,20,FAF1
CSE115L,21,FdM
CSE173,1,RRn
CSE173,2,SAm
CSE173,3,RRn
CSE173,4,SAm
CSE173,5,MSK1
CSE173,6,MSK1
CSE173,7,MSK1
CSE173,8,AdF
CSE173,9,AdF
CSE173,10,TCw
CSE173,13,SfT
CSE215,1,RjP
CSE215,2,Mib
CSE215,3,CFA
CSE215,4,CFA
CSE215,5,FAF1
CSE215,6,FAF1
CSE215,7,BMH
CSE215,8,BMH
CSE215,9,MRH1
CSE215,10,MRH1
CSE215,11,AlK1
CSE215,12,SAM3
CSE215,13,SAM3
CSE215,15,NRM
CSE215,16,Mib
CSE215L,1,RjP
CSE215L,2,Mib
CSE215L,3,CFA
CSE215L,4,CFA
CSE215L,5,FAF1
CSE215L,6,FAF1
CSE215L,7,BMH
CSE215L,8,BMH
CSE215L,9,MRH1
CSE215L,10,MRH1
CSE215L,11,AlK1
CSE215L,12,SAM3
CSE215L,13,SAM3
CSE215L,15,NRM
CSE215L,16,Mib
CSE225,1,ARa2
CSE225,2,TmM
CSE225,3,MMR4
CSE225,4,MMR4
CSE225,5,TmM
CSE225,6,TmM
CSE225,7,SnS1
CSE225,8,MAY
CSE225,9,MAY
CSE225,10,MKN1
CSE225,11,MKN1
CSE225,12,AlK1
CSE225L,1,ARa2
CSE225L,2,TmM
CSE225L,3,MMR4
CSE225L,4,MMR4
CSE225L,5,TmM
CSE225L,6,TmM
CSE225L,7,SnS1
CSE225L,8,MAY
CSE225L,9,MAY
CSE225L,10,MKN1
CSE225L,11,MKN1
CSE225L,12,AlK1
CSE231,1,KMM
CSE231,2,AMC
CSE231,3,TnF
CSE231,4,NNP
CSE231,5,FHE
CSE231,6,FHE
CSE231,8,HSM
CSE231,9,Rsf
CSE231,10,SAA3
CSE231,11,ABH1
CSE231,12,ABH1
CSE231,13,SAA3
CSE231,14,NNP
CSE231L,1,KMM
CSE231L,2,AMC
CSE231L,3,TnF
CSE231L,4,NNP
CSE231L,5,FHE
CSE231L,6,FHE
CSE231L,8,HSM
CSE231L,9,Rsf
CSE231L,10,SAA3
CSE231L,11,ABH1
CSE231L,12,ABH1
CSE231L,13,SAA3
CSE231L,14,NNP
CSE257,2,TCw
CSE257L,2,TCw
CSE273,1,SfM1
CSE273,3,MAP
CSE299,1,TnF
CSE299,2,SAS3
CSE299,3,ABH3
CSE299,4,SAS3
CSE299,5,HSM
CSE299,6,MMR4
CSE299,8,SAS3
CSE299,9,AdF
CSE299,10,AdF
CSE299,11,NqH
CSE299,12,NqH
CSE299,13,MSK1
CSE299,14,MSK1
CSE299,15,RjP
CSE299,16,AzK
CSE299,17,Rsl
CSE299,18,ZBZ
CSE299,19,ZBZ
CSE311,1,RRn
CSE311,2,RRn
CSE311,3,AdF
CSE311,4,AdF
CSE311,5,SLf
CSE311,6,SLf
CSE311,7,SLf
CSE311,8,RRn
CSE311,9,RHK1
CSE311,10,RHK1
CSE311L,1,RRn
CSE311L,2,RRn
CSE311L,3,AdF
CSE311L,4,AdF
CSE311L,5,SLf
CSE311L,6,SLf
CSE311L,7,SLf
CSE311L,8,RRn
CSE311L,9,RHK1
CSE311L,10,RHK1
CSE323,2,NvA
CSE323,3,NvA
CSE323,4,ABH3
CSE323,5,ABH3
CSE323,6,SAK1
CSE323,7,SAK1
CSE323,8,RHK1
CSE323,9,SMU1
CSE323,10,SMU1
CSE323,11,RMz1
CSE323,12,MUA3
CSE323,13,MUA3
CSE323,14,FdM
CSE325,1,MMR4
CSE325,2,MMR4
CSE325,3,KMN1
CSE325,4,KMN1
CSE325,5,EzM
CSE325,6,EzM
CSE325,7,EzM
CSE325,8,FAF1
CSE325,9,SfT
CSE325,10,TAR
CSE325,11,TAR
CSE326,1,RjP
CSE327,1,NbM
CSE327,2,NbM
CSE327,3,ABH3
CSE327,4,ABH3
CSE327,5,KMN1
CSE327,6,NvA
CSE327,7,RKH1
CSE327,8,RKH1
CSE327,9,RKH1
CSE327,10,KMb
CSE331,1,Rsf
CSE331,2,Rsf
CSE331,3,Rsf
CSE331,4,SkH1
CSE331,5,SkH1
CSE331,6,MHo1
CSE331,7,MHo1
CSE331,8,SJm1
CSE331,9,SJm1
CSE331L,1,Rsf
CSE331L,2,Rsf
CSE331L,3,Rsf
CSE331L,4,SkH1
CSE331L,5,SkH1
CSE331L,6,MHo1
CSE331L,7,MHo1
CSE331L,8,SJm1
CSE331L,9,SJm1
CSE332,1,TnF
CSE332,2,TnF
CSE332,3,Sfm
CSE332,4,Sfm
CSE332,5,RKb1
CSE332,6,RKb1
CSE332,7,SMH2
CSE332,8,SMH2
CSE332,9,KdA1
CSE332,10,KdA1
CSE332,11,KdA1
CSE332,12,SMH2
CSE332L,1,TnF
CSE332L,2,TnF
CSE332L,3,Sfm
CSE332L,4,Sfm
CSE332L,5,RKb1
CSE332L,6,RKb1
CSE332L,7,SMH2
CSE332L,8,SMH2
CSE332L,9,KdA1
CSE332L,10,KdA1
CSE332L,11,KdA1
CSE332L,12,SMH2
CSE338,1,RjP
CSE338,2,SAA3
CSE338,3,ZBZ
CSE338L,1,RjP
CSE338L,2,SAA3
CSE338L,3,ZBZ
CSE373,1,ARa2
CSE373,2,ARa2
CSE373,3,SfM1
CSE373,4,SfM1
CSE373,5,AlH1
CSE373,6,AlH1
CSE373,7,ABH1
CSE373,8,MAP
CSE373,9,MMA1
CSE411,1,SLf
CSE413L,1,IqR
CSE413L,2,IqR
CSE417,2,TCw
CSE417L,2,TCw
CSE425,1,MMR4
CSE425,2,MMR4
CSE425,3,KMN1
CSE425,4,KMN1
CSE425,5,EzM
CSE425,6,EzM
CSE425,7,EzM
CSE425,8,FAF1
CSE425,9,SfT
CSE425,10,TAR
CSE425,11,TAR
CSE426,1,RjP
CSE427,1,SAS3
CSE435,1,IqR
CSE435,2,IqR
CSE435,3,IqR
CSE435L,1,IqR
CSE435L,2,IqR
CSE435L,3,IqR
CSE438,1,RjP
CSE438,2,SAA3
CSE438,3,ZBZ
CSE440,1,TCw
CSE445,1,MLE
CSE445,2,KMb
CSE446,1,AkO
CSE465,1,AzK
CSE468,1,NbM
CSE473,1,SfM1
CSE473,3,MAP
CSE482,1,AzK
CSE482,2,AzK
CSE482,3,NqH
CSE482,4,NqH
CSE482L,1,AzK
CSE482L,2,AzK
CSE482L,3,NqH
CSE482L,4,NqH
CSE485,1,FKr
CSE485L,1,FKr
CSE498R,1,TBA
CSE498R,2,TBA
CSE498R,3,TBA
CSE498R,4,TBA
CSE498R,5,TBA
CSE498R,6,TBA
CSE498R,7,TBA
CSE499A,1,NvA
CSE499A,2,KMM
CSE499A,3,SnS1
CSE499A,4,SnS1
CSE499A,5,Szz
CSE499A,6,ZBZ
CSE499A,7,Mdy
CSE499A,8,NbM
CSE499A,9,AzK
CSE499A,10,AzK
CSE499A,11,Aqu
CSE499A,12,ABH3
CSE499A,13,NvA
CSE499B,1,KAS
CSE499B,2,Mdy
CSE499B,3,SnS1
CSE499B,4,MLE
CSE499B,5,Szz
CSE499B,6,KMM
CSE499B,7,KMM
CSE499B,8,MSK1
CSE512,1,SLf
CSE516,1,Szz
CSE553,1,NbM
CSE565,1,mtn
CSE597,1,Rtk
DEV504,1,Muf
DEV565,1,AMi
DEV573,1,NrA
DEV595,1,MIH
DEV595,2,AtR
DEV595,3,AAR
DEV595,4,HUA
DEV595,5,Muf
DEV595,6,SBm
DEV595,7,MMK
DEV595,8,AKP
DEV595,9,MCw
DEV595,10,SME
DEV595,11,SHq1
DEV595,12,AMi
DEV595,13,NrA
DEV596,1,MIH
DEV596,2,AtR
DEV596,3,AAR
DEV596,4,HUA
DEV596,5,Muf
DEV596,6,SBm
DEV596,7,MMK
DEV596,8,AKP
DEV596,9,MCw
DEV596,10,SME
DEV596,11,SHq1
DEV596,12,AMi
DEV596,13,NrA
ECO101,1,SMA2
ECO101,2,KDM
ECO101,3,Nnm
ECO101,4,Muf
ECO101,5,NzM1
ECO101,6,Stq
ECO101,7,KDM
ECO101,8,Muf
ECO101,9,SMA2
ECO101,10,SnS
ECO101,11,Nnm
ECO101,12,CNq
ECO101,13,Abt
ECO101,14,CNq
ECO101,15,Abt
ECO101,16,Stq
ECO101,17,StF
ECO101,18,StF
ECO101,19,AAR
ECO101,20,RsA
ECO101,21,HuA
ECO101,22,SnS
ECO101,23,ABA
ECO101,24,ZbR
ECO101,25,ZIq
ECO101,26,HuA
ECO101,27,ZbR
ECO101,28,ZIq
ECO101,29,NzM1
ECO101,30,RsA
ECO101,31,ATn
ECO101,32,ABA
ECO101,33,PSk
ECO101,34,PSk
ECO101,35,Nnm
ECO101,36,ZIq
ECO101,37,AAR
ECO101,38,Sqm
ECO101,39,TBA
ECO101,40,TBA
ECO103,1,RBr
ECO104,1,SHq1
ECO104,2,IQB
ECO104,3,Stq
ECO104,4,Stq
ECO104,5,Nnm
ECO104,6,SFS1
ECO104,7,MCw
ECO104,8,ACD
ECO104,9,MMK
ECO104,10,MCw
ECO104,11,MMK
ECO104,12,ABA
ECO104,13,AKP
ECO104,14,ABA
ECO104,15,SHq1
ECO104,16,RsA
ECO104,17,SHq1
ECO104,18,RsA
ECO104,19,TBA
ECO104,20,TBA
ECO134,1,AHn
ECO134,2,CNq
ECO134,3,Niq
ECO134,4,CNq
ECO172,1,Mzq
ECO173,1,Mzq
ECO201,1,MIH
ECO201,2,ZIq
ECO203,1,MIH
ECO203,2,ZIq
ECO204,1,AtR
ECO244,1,AHn
ECO244,2,Niq
ECO244,3,Azd
ECO244,4,Abt
ECO244,5,Abt
ECO244,6,Niq
ECO244,7,Niq
ECO309,1,ATn
ECO317,1,IQB
ECO328,1,MAR
ECO341,1,SHq1
ECO349,1,MMK
ECO350,1,MMK
ECO354,1,SME
ECO372,1,SME
ECO430,1,ATn
ECO441,1,SHq1
ECO450,1,AtR
ECO455,1,AAR
ECO472,1,SME
ECO484,1,Muf
ECO490,1,SBm
ECO495,1,MIH
ECO495,2,AtR
ECO495,3,AAR
ECO495,4,HUA
ECO495,5,Muf
ECO495,6,SBm
ECO495,7,MMK
ECO495,8,AKP
ECO495,9,MCw
ECO495,10,SME
ECO495,11,SHq1
ECO495,12,NzM1
ECO496,1,MIH
ECO496,2,AtR
ECO496,3,AAR
ECO496,4,HUA
ECO496,5,NzM1
ECO496,6,Muf
ECO496,7,SBm
ECO496,8,MMK
ECO496,9,AKP
ECO496,10,MCw
ECO496,11,SME
ECO496,12,SHq1
ECO499,1,MIH
ECO499,2,AtR
ECO499,3,AAR
ECO499,4,HUA
ECO499,5,NzM1
ECO499,6,Muf
ECO499,7,SBm
ECO499,8,MMK
ECO499,9,AKP
ECO499,10,MCw
ECO499,11,SME
ECO499,12,SHq1
ECO502,1,SBm
ECO502,2,SBm
ECO504,1,AKP
ECO512,1,AKP
ECO514,1,MCw
ECO611,1,MIH
ECO682,1,AMi
ECO686,1,SME
ECO695,1,MIH
ECO695,2,AtR
ECO695,3,AAR
ECO695,4,HUA
ECO695,5,NzM1
ECO695,6,Muf
ECO695,7,SBm
ECO695,8,MMK
ECO695,9,AKP
ECO695,10,MCw
ECO695,11,SME
ECO695,12,SHq1
ECO695,13,AMi
ECO699,1,MIH
ECO699,2,AtR
ECO699,3,AAR
ECO699,4,HUA
ECO699,5,NzM1
ECO699,6,Muf
ECO699,7,SBm
ECO699,8,MMK
ECO699,9,AKP
ECO699,10,MCw
ECO699,11,SME
ECO699,12,SHq1
EEE111,1,KAS
EEE111,2,Rtk
EEE111,3,lih
EEE111,4,FHE
EEE111,5,IMR
EEE111,6,IMR
EEE111,7,ZBZ
EEE111,9,SSH1
EEE111,10,Rtk
EEE111,12,NNP
EEE111L,1,KAS
EEE111L,2,Rtk
EEE111L,3,lih
EEE111L,4,FHE
EEE111L,5,IMR
EEE111L,6,IMR
EEE111L,7,ZBZ
EEE111L,9,SSH1
EEE111L,10,Rtk
EEE111L,12,NNP
EEE141,1,KAS
EEE141,2,ARH1
EEE141,4,ARH1
EEE141,5,AbO
EEE141,6,KMM
EEE141,7,ARH1
EEE141,8,AbO
EEE141,9,IMR
EEE141,10,Rtk
EEE141,11,ZBZ
EEE141,12,RGw
EEE141,13,SSH1
EEE141,14,SSH1
EEE141,15,AyH
EEE141L,1,KAS
EEE141L,2,ARH1
EEE141L,4,ARH1
EEE141L,5,AbO
EEE141L,6,KMM
EEE141L,7,ARH1
EEE141L,8,AbO
EEE141L,9,IMR
EEE141L,10,Rtk
EEE141L,11,ZBZ
EEE141L,12,RGw
EEE141L,13,SSH1
EEE141L,14,SSH1
EEE141L,15,AyH
EEE154,1,DRS
EEE154,2,DRS
EEE154,3,DRS
EEE154,4,Mun
EEE154,5,Mun
EEE154,6,SqR
EEE154,7,SqR
EEE154,8,AkO
EEE154,9,AkO
EEE154,12,AkO
EEE211,1,TnF
EEE211,2,FHE
EEE211,3,ARH1
EEE211L,1,TnF
EEE211L,2,FHE
EEE211L,3,ARH1
EEE221,1,Mdy
EEE221,2,SAA3
EEE221L,1,Mdy
EEE221L,2,SAA3
EEE241,1,SnS1
EEE241,2,NNP
EEE241,3,AbO
EEE241L,1,SnS1
EEE241L,2,NNP
EEE241L,3,AbO
EEE280,1,AyH
EEE299,1,IMR
EEE299,2,IMR
EEE311,1,KAS
EEE311,2,Aqu
EEE311,3,RRa
EEE311,4,RRa
EEE311L,1,KAS
EEE311L,2,Aqu
EEE311L,3,RRa
EEE311L,4,RRa
EEE312,1,SRD1
EEE312,2,SRD1
EEE312L,1,SRD1
EEE312L,2,SRD1
EEE313,1,NSv
EEE313,2,NSv
EEE321,1,ABH1
EEE321,2,ABH1
EEE321,3,mtn
EEE321L,1,ABH1
EEE321L,2,ABH1
EEE321L,3,mtn
EEE331,1,Rsl
EEE331L,1,Rsl
EEE332,1,Rsf
EEE332,2,Rsf
EEE332,3,Rsf
EEE332,4,SkH1
EEE332,5,SkH1
EEE332,6,MHo1
EEE332,7,MHo1
EEE332,8,SJm1
EEE332,9,SJm1
EEE332L,1,Rsf
EEE332L,2,Rsf
EEE332L,3,Rsf
EEE332L,4,SkH1
EEE332L,5,SkH1
EEE332L,6,MHo1
EEE332L,7,MHo1
EEE332L,8,SJm1
EEE332L,9,SJm1
EEE333,1,TCw
EEE336,1,TnF
EEE336,2,TnF
EEE336,3,Sfm
EEE336,4,Sfm
EEE336,5,RKb1
EEE336,6,RKb1
EEE336,7,SMH2
EEE336,8,SMH2
EEE336,9,KdA1
EEE336,10,KdA1
EEE336,11,KdA1
EEE336,12,SMH2
EEE336L,1,TnF
EEE336L,2,TnF
EEE336L,3,Sfm
EEE336L,4,Sfm
EEE336L,5,RKb1
EEE336L,6,RKb1
EEE336L,7,SMH2
EEE336L,8,SMH2
EEE336L,9,KdA1
EEE336L,10,KdA1
EEE336L,11,KdA1
EEE336L,12,SMH2
EEE342,1,lih
EEE342,2,lih
EEE342L,1,lih
EEE342L,2,lih
EEE361,1,Mdy
EEE361,2,Mdy
EEE362,1,hzr
EEE362,2,hzr
EEE362,3,MTA1
EEE362L,1,hzr
EEE362L,2,hzr
EEE362L,3,MTA1
EEE363,1,Aqu
EEE363,2,Aqu
EEE363,3,SRD1
EEE363,4,MTA1
EEE363L,1,Aqu
EEE363L,2,Aqu
EEE363L,3,SRD1
EEE363L,4,MTA1
EEE410,1,NSv
EEE410,2,NSv
EEE411,1,IqR
EEE411,2,IqR
EEE411,3,IqR
EEE411L,1,IqR
EEE411L,2,IqR
EEE411L,3,IqR
,,
,,
EEE413L,1,IqR
EEE413L,2,IqR
EEE452,1,Rkz
EEE452,2,Rkz
EEE452,3,SAm
EEE452,4,SAm
EEE452,5,Rkz
EEE452,6,NqH
EEE452,7,NqH
EEE452,8,FKr
EEE452,9,FKr
EEE452,10,FKr
EEE452,11,Rkz
EEE462,1,hzr
EEE465,1,NSv
EEE471,1,FKr
EEE471L,1,FKr
EEE482,1,Rsl
EEE498R,1,TBA
EEE498R,2,TBA
EEE498R,3,TBA
EEE498R,4,TBA
EEE498R,5,TBA
EEE498R,6,TBA
EEE498R,7,TBA
EEE499A,1,NvA
EEE499A,2,KMM
EEE499A,3,SnS1
EEE499A,4,SnS1
EEE499A,5,Szz
EEE499A,6,ZBZ
EEE499A,7,Mdy
EEE499A,8,NbM
EEE499A,9,AzK
EEE499A,10,AzK
EEE499A,11,Aqu
EEE499A,12,ABH3
EEE499A,13,NvA
EEE499B,1,KAS
EEE499B,2,Mdy
EEE499B,3,SnS1
EEE499B,4,MLE
EEE499B,5,Szz
EEE499B,6,KMM
EEE499B,7,KMM
EEE499B,8,MSK1
EEE526,1,mtn
EEE533,1,mtn
EEE554,1,Snd
EEE597,1,Rtk
EEE600,0,TBA
EEE600,1,KMM
EEE600,2,SnS1
EEE660,1,NbM
EMB500,1,DF
EMB500,2,AWd
EMB500,3,AWd
EMB500,4,IAd
EMB501,1,MAU3
EMB502,1,KJZ
EMB510,1,Rkb
EMB520,1,Miz
EMB601,1,IAd
EMB602,1,MUI1
EMB620,1,Miz
EMB650,1,Hsi
EMB660,1,SfN1
EMB670,1,KJZ
EMB690,1,MdS
EMPH601,1,HtN
EMPH605,1,TBA
EMPH611,1,TBA
EMPH631,1,TBA
EMPH642,1,DHH
EMPH653,1,TBA
EMPH663,1,KLn
EMPH672,1,ThA
EMPH678,1,AQy
EMPH681,1,KdI1
EMPH704,1,SGK
EMPH706,1,TBA
EMPH711,1,AH1
EMPH712,1,TBA
EMPH734,1,TBA
EMPH742,1,MTI
EMPH771,1,TBA
EMPH781,1,SjZ
EMPH782,1,MIs
EMPH805,1,TBA
EMPH806,1,TBA
EMPH842,1,HtN
ENG102,1,FHs
ENG102,2,Ssy
ENG102,3,NnR
ENG102,4,MNK
ENG102,5,FHs
ENG102,6,Szi
ENG102,7,HSh
ENG102,8,NnR
ENG102,9,KSS
ENG102,10,RNS
ENG102,11,NnR
ENG102,13,Ssy
ENG102,14,SuT
ENG102,15,KSS
ENG102,16,Sye
ENG102,17,Szi
ENG102,18,Szi
ENG102,19,RNS
ENG102,20,SlQ
ENG102,21,SZn
ENG102,22,SuT
ENG102,23,SlQ
ENG102,24,RNS
ENG102,25,STS1
ENG102,26,SZO
ENG102,27,Sye
ENG102,28,RNS
ENG102,29,Ssy
ENG102,30,TAA
ENG102,31,FzM
ENG102,32,SZn
ENG102,33,TRn
ENG102,34,TAA
ENG102,35,STS1
ENG102,36,SZO
ENG102,37,RAh
ENG102,38,RAh
ENG102,39,SZO
ENG102,40,FzM
ENG102,41,Sye
ENG103,1,RNS
ENG103,2,McD
ENG103,3,NSj
ENG103,4,Szi
ENG103,5,TAA
ENG103,6,KME
ENG103,7,Szi
ENG103,8,SuT
ENG103,9,SHq
ENG103,10,TAA
ENG103,11,FzM
ENG103,12,FzM
ENG103,13,MNK
ENG103,14,FzM
ENG103,15,SPm
ENG103,16,KSS
ENG103,17,FHs
ENG103,18,NSj
ENG103,19,NSj
ENG103,20,SHq
ENG103,21,SZO
ENG103,22,TRn
ENG103,23,NnR
ENG103,24,MHn
ENG103,25,SZn
ENG103,26,STS1
ENG103,27,TRn
ENG103,28,KSS
ENG103,29,NnR
ENG103,30,SZn
ENG103,31,KSS
ENG103,32,Ssy
ENG103,33,SZn
ENG103,35,SZO
ENG103,36,Sye
ENG103,37,NPn
ENG103,39,STS1
ENG103,40,MNK
ENG103,42,TAA
ENG103,47,FHs
ENG105,1,HMe
ENG105,2,AtB
ENG105,3,DF
ENG105,4,MHn
ENG105,5,FHs
ENG105,6,SnH
ENG105,7,NvI
ENG105,8,MHn
ENG105,9,AtB
ENG105,10,NSB
ENG105,11,NSB
ENG105,12,Ndm
ENG105,13,McD
ENG105,14,McD
ENG105,15,HSh
ENG105,16,ShC
ENG105,17,AtB
ENG105,18,SSA2
ENG105,19,SNm
ENG105,20,NPn
ENG105,21,SNm
ENG105,23,NPn
ENG105,24,RAh
ENG105,27,TRn
ENG111,1,McD
ENG111,2,NSj
ENG111,4,JBH
ENG111,5,SlQ
ENG111,6,MNK
ENG111,7,SSA2
ENG111,9,NvI
ENG115,1,SuT
ENG115,2,KME
ENG115,3,SlQ
ENG115,4,SSA2
ENG115,5,SnH
ENG115,6,MHn
ENG115,7,SSA2
ENG115,8,SNm
ENG115,9,SNm
ENG115,10,AtB
ENG115,11,ShC
ENG115,12,SNm
ENG115,13,RAh
ENG115,14,MHn
ENG115,16,NSB
ENG115,17,JBH
ENG115,18,NvI
ENG115,19,NvI
ENG115,20,NSB
ENG200,1,TRn
ENG202,1,ShC
ENG210,1,SPm
ENG210,2,HMe
ENG216,1,RAh
ENG216,2,SSA2
ENG225,1,SnH
ENG312,1,SPm
ENG312,2,SPm
ENG337,1,SPm
ENG337,2,SHq
ENG338,1,JBH
ENG351,1,AQB
ENG402,1,HMe
ENG410,1,HMe
ENG411,1,SPm
ENG416,1,ShC
ENG418,1,TBA
ENG427,1,SHq
ENG427,2,MSz2
ENG429,1,HMe
ENG431,1,KME
ENG436,1,SnH
ENG441,1,ShC
ENG450,1,NSj
ENG456,1,NPn
ENG501,1,DF
ENG511,1,SnH
ENG520,1,AQB
ENG560,1,DF
ENG572,1,MSz2
ENG580,1,DF
ENG582,1,MSz2
ENG602,1,JBH
ENG605,1,KME
ENG606,1,TBA
ENG616,1,DnH
ENG618,1,TBA
ENG632,1,SAn
ENG637,1,TBA
ENV102,1,KNr
ENV102,2,KNr
ENV107,1,HMd
ENV107,2,HMd
ENV107,3,Sud
ENV107,4,Sud
ENV107,5,Sud
ENV107,6,Sud
ENV107,7,Mdo
ENV107,8,RBr
ENV107,9,Hmk1
ENV107,10,Hmk1
ENV107,11,HRh
ENV107,12,HRh
ENV107,13,ARK
ENV107,14,AfI2
ENV107,15,SSm1
ENV107,16,MNA3
ENV107,17,Mfz
ENV107L,1,HMd
ENV107L,2,HMd
ENV107L,3,HMd
ENV107L,4,KNr
ENV107L,5,KNr
ENV107L,6,KNr
ENV107L,7,KNr
ENV107L,8,KNr
ENV172,1,Nzn
ENV203,1,SMO
ENV203,2,SMO
ENV203,3,RBr
ENV203,4,Mzs
ENV203,5,KbU
ENV203,6,Mnz
ENV203,8,Zru
ENV203,13,MpR
ENV203,14,MMB1
ENV203,15,MFJ
ENV203,16,MFJ
ENV203,19,Szr
ENV203,20,FMK
ENV203,21,SyA1
ENV203,22,Ltm
ENV203,23,HmK
ENV203,24,RMr
ENV214,1,Hmk1
ENV215,1,KNr
ENV260,1,RBr
ENV311,1,Mdo
ENV315,1,MRK
ENV315,2,MRK
ENV373,1,Jky
ENV373,2,ZAM
ENV373,3,ZAM
ENV401,1,Nzn
ENV408,1,BKF
ENV409,1,MRK
ENV412,1,Hmk1
ENV414,1,HMd
ENV425,1,MRK
ENV498,1,MRK
ENV498,2,HMd
ENV498,3,Jky
ENV498,4,BKF
ENV498,5,Nzn
ENV498,6,KNr
ENV498,7,SMO
ENV498,8,Sud
ENV498,9,Mdo
ENV498,10,RBr
ENV498,11,HMK1
ENV499,1,MRK
ENV499,2,HMd
ENV499,3,Jky
ENV499,4,BKF
ENV499,5,Nzn
ENV499,6,KNr
ENV499,7,SMO
ENV499,8,Sud
ENV499,9,Mdo
ENV499,10,RBr
ENV499,11,HMK1
ENV501,1,KdA
ENV502,1,MRK
ENV609,1,NmK
ENV624,1,BKF
ENV630,1,SMO
ENV635,1,HMd
ENV652,1,Jky
ENV690,1,MRK
ENV690,2,HMd
ENV690,3,Jky
ENV690,4,BKF
ENV690,5,Nzn
ENV690,6,KNr
ENV690,7,SMO
ENV690,8,Sud
ENV690,9,Mdo
ENV697,1,MRK
ENV697,2,HMd
ENV697,3,Jky
ENV697,4,BKF
ENV697,5,Nzn
ENV697,6,KNr
ENV697,7,SMO
ENV697,8,Sud
ENV697,9,Mdo
ETE111,1,KAS
ETE111,2,Rtk
ETE111,3,lih
ETE111,4,FHE
ETE111,5,IMR
ETE111,6,IMR
ETE111,7,ZBZ
ETE111,9,SSH1
ETE111,10,Rtk
ETE111,12,NNP
ETE111L,1,KAS
ETE111L,2,Rtk
ETE111L,3,lih
ETE111L,4,FHE
ETE111L,5,IMR
ETE111L,6,IMR
ETE111L,7,ZBZ
ETE111L,9,SSH1
ETE111L,10,Rtk
ETE111L,12,NNP
ETE141,1,KAS
ETE141,2,ARH1
ETE141,4,ARH1
ETE141,5,AbO
ETE141,6,KMM
ETE141,7,ARH1
ETE141,8,AbO
ETE141,9,IMR
ETE141,10,Rtk
ETE141,11,ZBZ
ETE141,12,RGw
ETE141,13,SSH1
ETE141,14,SSH1
ETE141,15,AyH
ETE141L,1,KAS
ETE141L,2,ARH1
ETE141L,4,ARH1
ETE141L,5,AbO
ETE141L,6,KMM
ETE141L,7,ARH1
ETE141L,8,AbO
ETE141L,9,IMR
ETE141L,10,Rtk
ETE141L,11,ZBZ
ETE141L,12,RGw
ETE141L,13,SSH1
ETE141L,14,SSH1
ETE141L,15,AyH
ETE211,1,TnF
ETE211,2,FHE
ETE211,3,ARH1
ETE211L,1,TnF
ETE211L,2,FHE
ETE211L,3,ARH1
ETE221,1,Mdy
ETE221,2,SAA3
ETE221L,1,Mdy
ETE221L,2,SAA3
ETE241,1,SnS1
ETE241,2,NNP
ETE241,3,AbO
ETE241L,1,SnS1
ETE241L,2,NNP
ETE241L,3,AbO
ETE299,1,IMR
ETE299,2,IMR
ETE311,1,KAS
ETE311,2,Aqu
ETE311,3,RRa
ETE311,4,RRa
ETE311L,1,KAS
ETE311L,2,Aqu
ETE311L,3,RRa
ETE311L,4,RRa
ETE312,1,SRD1
ETE312,2,SRD1
ETE312L,1,SRD1
ETE312L,2,SRD1
ETE321,1,ABH1
ETE321,2,ABH1
ETE321,3,mtn
ETE321L,1,ABH1
ETE321L,2,ABH1
ETE321L,3,mtn
ETE331,1,Rsl
ETE331L,1,Rsl
ETE332,1,Rsf
ETE332,2,Rsf
ETE332,3,Rsf
ETE332,4,SkH1
ETE332,5,SkH1
ETE332,6,MHo1
ETE332,7,MHo1
ETE332,8,SJm1
ETE332,9,SJm1
ETE332L,1,Rsf
ETE332L,2,Rsf
ETE332L,3,Rsf
ETE332L,4,SkH1
ETE332L,5,SkH1
ETE332L,6,MHo1
ETE332L,7,MHo1
ETE332L,8,SJm1
ETE332L,9,SJm1
ETE333,1,TCw
ETE334,1,AzK
ETE334,2,AzK
ETE334,3,NqH
ETE334,4,NqH
ETE334L,1,AzK
ETE334L,2,AzK
ETE334L,3,NqH
ETE334L,4,NqH
ETE335,1,RRn
ETE335,2,RRn
ETE335,3,AdF
ETE335,4,AdF
ETE335,5,SLf
ETE335,6,SLf
ETE335,7,SLf
ETE335,8,RRn
ETE335,9,RHK1
ETE335,10,RHK1
ETE335L,1,RRn
ETE335L,2,RRn
ETE335L,3,AdF
ETE335L,4,AdF
ETE335L,5,SLf
ETE335L,6,SLf
ETE335L,7,SLf
ETE335L,8,RRn
ETE335L,9,RHK1
ETE335L,10,RHK1
ETE361,1,Mdy
ETE361,2,Mdy
ETE411,1,NSv
ETE411,2,NSv
ETE412,1,IqR
ETE412,2,IqR
ETE412,3,IqR
ETE412L,1,IqR
ETE412L,2,IqR
ETE412L,3,IqR
ETE418,1,lih
ETE418,2,lih
ETE418L,1,lih
ETE418L,2,lih
ETE419,1,IqR
ETE419,2,IqR
ETE419L,1,IqR
ETE419L,2,IqR
ETE443,1,NSv
ETE443,2,NSv
ETE471,1,FKr
ETE471L,1,FKr
ETE482,1,Rsl
ETE498R,1,TBA
ETE498R,2,TBA
ETE498R,3,TBA
ETE498R,4,TBA
ETE498R,5,TBA
ETE498R,6,TBA
ETE498R,7,TBA
ETE499A,1,NvA
ETE499A,2,KMM
ETE499A,3,SnS1
ETE499A,4,SnS1
ETE499A,5,Szz
ETE499A,6,ZBZ
ETE499A,7,Mdy
ETE499A,8,NbM
ETE499A,9,AzK
ETE499A,10,AzK
ETE499A,11,Aqu
ETE499A,12,ABH3
ETE499A,13,NvA
ETE499B,1,KAS
ETE499B,2,Mdy
ETE499B,3,SnS1
ETE499B,4,MLE
ETE499B,5,Szz
ETE499B,6,KMM
ETE499B,7,KMM
ETE499B,8,MSK1
ETE502,1,mtn
ETE508,1,mtn
ETE511,1,NSv
ETE597,1,Rtk
ETH201,1,GAK
FIN254,1,ASy
FIN254,2,ASy
FIN254,3,FFa
FIN254,4,FFa
FIN254,5,FFa
FIN254,6,TBA
FIN254,7,KHT
FIN254,8,KHT
FIN254,9,MdM
FIN254,10,Mjd
FIN254,11,NNh
FIN254,12,Rby
FIN254,13,SgS
FIN254,14,SgS
FIN254,15,SnT
FIN254,16,SnT
FIN254,17,KHM
FIN254,18,TkS
FIN254,19,TNK
FIN254,20,TNK
FIN254,21,Trq
FIN254,22,TSj
FIN254,23,HHq1
FIN254,24,HHq1
FIN340,1,AhM
FIN340,2,AhM
FIN340,3,IAC
FIN340,4,IAC
FIN410,1,TkS
FIN433,1,AhM
FIN433,2,AhM
FIN433,3,Hmu
FIN433,4,MN
FIN433,5,MN
FIN433,6,MN
FIN433,7,SnT
FIN433,8,SnT
FIN433,9,HHq1
FIN433,10,HHq1
FIN435,1,FZh
FIN435,2,FZh
FIN435,3,Hmu
FIN435,4,SbK
FIN435,5,MdM
FIN435,6,MNl1
FIN435,7,MNl1
FIN435,8,Hmu
FIN435,9,SbK
FIN440,1,Anb
FIN440,2,Anb
FIN440,3,Hmu
FIN440,4,MN
FIN440,5,KHT
FIN440,6,KHT
FIN440,7,MN
FIN440,8,Sys
FIN440,9,MzF
FIN440,10,SgS
FIN440,11,SgS
FIN440,12,Sys
FIN440,13,FFa
FIN440,14,TkS
FIN444,1,Mjd
FIN444,2,Mjd
FIN444,3,Mjd
FIN444,4,MzF
FIN444,5,SbK
FIN444,6,SbK
FIN444,7,TNK
FIN444,8,TNK
FIN455,1,FZh
FIN455,2,MzF
FIN455,3,MzF
FIN464,1,MdM
FIN464,2,SaT
FIN464,3,SaT
FIN464,4,TsA
FIN464,5,TsA
FIN470,1,Rma
FIN480,1,FZh
FIN637,1,Mar
FIN637,2,RqM
FIN639,1,SfN1
FIN639,2,MNl1
FIN642,1,AtR
FIN643,1,RqM
FIN644,1,PKB
FIN645,1,MdR
FIN647,1,Rma
GEO205,1,SMO
GEO205,2,SMO
GEO205,3,RBr
GEO205,4,Mzs
GEO205,5,KbU
GEO205,6,Mnz
GEO205,8,Zru
GEO205,13,MpR
GEO205,14,MMB1
GEO205,15,MFJ
GEO205,16,MFJ
GEO205,19,Szr
GEO205,20,FMK
GEO205,21,SyA1
GEO205,22,Ltm
GEO205,23,HmK
GEO205,24,RMr
HIS101,1,Sfn
HIS101,2,Sfn
HIS101,3,Mzd
HIS101,4,Mzd
HIS101,5,Sfn
HIS101,6,MAB2
HIS101,7,AbS3
HIS101,8,ABP1
HIS101,9,ABP1
HIS101,10,ABP1
HIS101,11,ZrS
HIS101,12,ZrS
HIS102,1,MdS3
HIS102,2,MdS3
HIS102,3,MdS3
HIS102,4,MdS3
HIS102,5,SMS4
HIS103,1,EdH
HIS103,2,Sfn
HIS103,3,Sfn
HIS103,4,ASz
HIS103,5,ASz
HIS103,6,ZrS
HIS103,7,ZrS
HIS103,8,Mzd
HIS103,9,MAB2
HIS103,10,MAB2
HIS103,11,MAB2
HIS103,12,MAB2
HIS103,13,SMS4
HIS103,14,SMS4
HIS103,15,AbS3
HIS103,16,ECh
HIS103,17,ECh
HIS103,18,SA2
HIS103,19,Aym
HIS103,20,SR3
HIS103,21,MMB3
HIS103,22,MbU
HIS103,23,FSY
HIS103,24,SdH1
HIS103,25,FSY
HIS103,26,SdH1
HIS103,28,ASz
HIS103,29,TRh
HIS103,30,TRh
HIS205,1,AbS3
HIS205,2,AbS3
HIS205,4,TBA
HRM340,1,Sqt
HRM340,2,FsZ
HRM360,1,QTI
HRM360,2,Sqt
HRM360,3,Sqt
HRM370,1,TuA
HRM370,2,KHs
HRM380,1,TuA
HRM380,2,ASB1
HRM410,1,TuA
HRM430,1,TuA
HRM450,1,Mli
HRM470,1,TuA
HRM602,1,KdA
HRM603,1,KdA
HRM604,1,Alm
HRM604,2,Alm
HRM610,1,NNR1
HRM610,2,NNR1
HRM660,1,KsM
HRM660,2,MRB1
HRM680,1,KsM
INB350,1,AlK
INB355,1,AMd
INB372,1,TFz
INB372,2,TFz
INB372,3,TFz
INB372,4,TFz
INB372,5,EhN
INB372,6,MEv
INB372,7,AlK
INB372,8,AlK
INB372,9,FdF
INB372,10,FdF
INB372,11,Fss
INB372,12,Fzy
INB372,13,Mbt
INB372,15,SSA1
INB372,16,SSA1
INB372,17,AlK
INB372,18,MHZ
INB372,19,MHZ
INB372,20,MHZ
INB372,21,MHZ
INB372,22,QEA
INB400,1,FdF
INB410,1,AMd
INB480,1,AMd
INB480,2,AMd
INB490,1,Fss
LAW101,1,Sqb
LAW101,2,Sqb
LAW107,1,NMA
LAW200,1,Rji
LAW200,2,KAH
LAW200,4,ARf2
LAW200,5,STZ
LAW200,7,Sqb
LAW200,8,SKA1
LAW200,9,SKA1
LAW200,10,SKA1
LAW200,11,KTR
LAW200,12,KTR
LAW200,13,TAS
LAW200,14,SsR2
LAW200,15,EfS
LAW200,16,EfS
LAW200,17,MKA1
LAW200,18,MKA1
LAW200,19,IqH1
LAW200,20,IqH1
LAW200,21,NrA1
LAW200,22,MKS1
LAW200,23,ItA
LAW200,24,Ibd
LAW200,26,AtT
LAW200,27,MzR2
LAW201,1,STZ
LAW211,1,ARf2
LAW301,1,NJN
LAW302,1,NJN
LAW303,1,ItA
LAW305,1,Rji
LAW305,2,SAA4
LAW306,1,SKA1
LAW308,1,NJN
LAW309,1,NrA1
LAW310,1,MRI3
LAW311,1,SAA4
LAW313,1,NJN
LAW402,1,ARf2
LAW403,1,MRI3
LAW405,1,KAH
LAW407,1,SKA1
LAW408,1,Rji
LAW409,1,KAH
LAW412,1,KAH
LAW415,1,Sqb
LAW417,1,STZ
LAW419,1,ARf2
LAW423,1,Rji
LBA104,2,IPL
LLM502,1,SAA4
LLM509,1,NMA
LLM509,2,MRI3
LLM511,1,MRI3
LLM512,1,Sqb
LLM519,1,STZ
LLM521,1,MKS1
MAT116,1,SkA2
MAT116,2,SkA2
MAT116,3,SSU
MAT116,4,SSU
MAT116,5,ZHn
MAT116,6,ZHn
MAT116,7,ZHn
MAT116,8,MAM1
MAT116,9,MAM1
MAT116,12,MAM1
MAT116,13,NFH
MAT116,14,CNP
MAT116,15,CNP
MAT116,16,NSr
MAT116,17,Thr
MAT116,18,Nan
MAT116,19,Nan
MAT116,20,KSd
MAT116,21,SMv
MAT120,1,ANe
MAT120,2,ANe
MAT120,3,SSU
MAT120,4,SSU
MAT120,5,PNg
MAT120,6,PNg
MAT120,7,MS1
MAT120,8,MS1
MAT120,9,SBW
MAT120,10,LKS
MAT120,11,AmK
MAT120,12,AmK
MAT120,13,MMH5
MAT120,14,MMH5
MAT120,15,ZIK
MAT120,16,ZIK
MAT125,1,PNg
MAT125,2,PNg
MAT125,3,UMM
MAT125,4,UMM
MAT125,5,LKS
MAT125,6,SBW
MAT125,7,MS1
MAT125,8,MS1
MAT125,9,MMH5
MAT125,10,MMH5
MAT125,11,Mde
MAT125,13,AuR
MAT125,14,Mde
MAT125,15,Bbn
MAT125,17,SSd
MAT130,1,MAS
MAT130,2,MAS
MAT130,3,HAr
MAT130,4,HAr
MAT130,5,ZHn
MAT130,6,ZHn
MAT130,7,MtM
MAT130,8,MtM
MAT130,9,MtM
MAT130,10,MHI1
MAT130,11,MtM
MAT130,12,MtM
MAT130,13,MHI1
MAT130,14,MFU
MAT130,16,LSA
MAT130,17,OMG
MAT130,18,OMG
MAT140,1,LRn
MAT250,1,UMM
MAT250,2,UMM
MAT250,3,Mla
MAT250,4,Mla
MAT250,5,HAr
MAT250,6,HAr
MAT250,7,HAr
MAT250,8,MTH
MAT250,9,Mla
MAT250,10,AdS
MAT250,11,AdS
MAT260,1,MFU
MAT350,1,SK
MAT350,2,SK
MAT350,3,Mla
MAT350,4,Mla
MAT350,5,MTH
MAT350,6,MTH
MAT350,7,UMM
MAT350,8,MHI1
MAT350,9,MHI1
MAT350,10,LSA
MAT361,1,Hmn
MAT361,2,Hmn
MAT361,3,PPD
MAT361,4,IJh
MAT361,5,MAM1
MAT361,6,MAM1
MAT361,7,IJh
MAT361,8,IJh
MAT361,9,IJh
MAT361,11,IsR
MAT361,12,IsR
MAT361,13,AjM
MAT361,14,AdS1
MAT361,15,AdS1
MAT490,1,PPD
MGT210,1,JMS
MGT210,3,AAA1
MGT210,4,TMd
MGT210,5,ShH
MGT210,6,Afd
MGT210,7,ShH
MGT210,8,TyA
MGT210,10,MAO
MGT210,11,Afd
MGT210,12,LkK
MGT210,13,MAO
MGT210,14,TBA
MGT210,15,AAA1
MGT210,16,TMd
MGT210,18,QTI
MGT210,19,FKN
MGT210,20,RHL
MGT210,21,QTI
MGT210,22,IsL
MGT210,23,Tnn
MGT210,24,Tnn
MGT210,25,FKN
MGT210,26,FAF
MGT210,27,FKN
MGT314,1,JMS
MGT314,2,Mof
MGT314,3,MfW
MGT314,4,YUB
MGT314,5,Mof
MGT314,6,YUB
MGT314,7,MnH1
MGT314,8,JMS
MGT314,9,JMS
MGT314,10,Mof
MGT314,11,MnH1
MGT314,12,MnH1
MGT314,13,MHC
MGT314,14,WSC
MGT314,15,RsH3
MGT314,16,MHC
MGT314,17,MHC
MGT314,18,WSC
MGT314,19,MnH1
MGT314,20,MHC
MGT314,21,WSC
MGT321,1,Afd
MGT321,2,UTH
MGT321,3,UTH
MGT321,4,Afd
MGT351,1,KHs
MGT351,2,Mli
MGT351,3,RHL
MGT351,4,Mli
MGT351,5,RHL
MGT351,6,QTI
MGT351,7,FsZ
MGT351,8,KHs
MGT351,9,TMd
MGT351,10,Tnn
MGT351,11,RHL
MGT351,12,Rfq
MGT351,13,Mli
MGT351,14,ShH
MGT351,15,Alm
MGT351,16,ShH
MGT351,17,Rfq
MGT351,18,FsZ
MGT351,19,FsZ
MGT351,20,AAA1
MGT351,21,Alm
MGT351,22,AAA1
MGT351,23,KHs
MGT351,24,TMd
MGT351,25,Tnn
MGT351,26,ASB1
MGT368,1,MfW
MGT368,2,FNa1
MGT368,3,ShL
MGT368,4,MAO
MGT368,5,MfW
MGT368,6,EsQ
MGT368,7,SmM4
MGT368,8,ZMC
MGT368,9,FNa1
MGT368,10,SRS3
MGT368,11,MAO
MGT368,12,SmM4
MGT368,13,ZMC
MGT368,14,Mbt
MGT368,15,EhN
MGT368,16,GpB
MGT368,17,MKR2
MGT368,18,EsQ
MGT368,19,MKR2
MGT368,20,MrA1
MGT368,21,MrA1
MGT368,22,EsQ
MGT368,23,SRS3
MGT368,24,SRS3
MGT410,1,ShL
MGT460,1,MnH1
MGT489,1,Ift
MGT489,2,MHM
MGT489,3,ZMu
MGT489,4,Ift
MGT489,5,MHM
MGT489,6,SmM4
MGT489,7,NTB
MGT489,8,ZMu
MGT489,9,NTB
MGT489,10,SmM4
MGT489,11,ShL
MGT489,12,BHn
MGT489,13,ZTK
MGT489,14,ZTK
MGT489,15,YUB
MGT489,16,YUB
MGT489,17,ZkJ
MGT489,18,ZkJ
MGT489,19,BHj
MGT489,20,BHj
MGT489,21,SJI1
MGT489,22,JnA
MGT490,1,MfW
MGT602,1,Adz
MGT607,1,CMy
MGT680,1,HQ
MGT682,1,ZMu
MGT690,1,MdS
MIC101,1,FSs1
MIC101,2,NBb
MIC101,3,FSs1
MIC101,4,APz
MIC201,1,SKK
MIC202,1,NBb
MIC203,1,AAM4
MIC206,1,FSs1
MIC207,1,SRS1
MIC306,1,NBb
MIC309,1,APz
MIC311,1,Mqn
MIC314,1,SRS1
MIC315L,1,NBb
MIC315L,2,NBb
MIC401,1,AAM4
MIC412,1,NBb
MIC413,1,FSs1
MIC414,1,SRS1
MIC415,1,NBb
MIC499,1,TBA
MIC499,2,TBA
MIC499,3,TBA
MIS105,1,Ayn
MIS105,2,NwA
MIS105,3,NLi
MIS105,4,Ayn
MIS105,5,NwA
MIS105,6,AIK
MIS105,8,KMS2
MIS105,9,AIK
MIS105,10,NwA
MIS105,11,KMS2
MIS105,12,MMS3
MIS105,13,ASA1
MIS105,14,MLR1
MIS105,15,Mki
MIS105,16,MMS3
MIS105,17,YSN
MIS105,18,ASA1
MIS105,19,MLR1
MIS105,20,YSN
MIS105,21,SMO
MIS105,22,MMS3
MIS205,1,MBR1
MIS205,2,NLi
MIS205,3,NLi
MIS205,4,Ayn
MIS205,5,MBR1
MIS205,6,NLi
MIS205,7,Ayn
MIS205,8,AIK
MIS205,9,MBR1
MIS205,10,AIK
MIS205,11,MMb
MIS205,12,1-Mar
MIS205,13,MWa
MIS205,14,RsH3
MIS205,15,MWa
MIS205,16,1-Mar
MIS205,17,Mki
MIS205,18,RZZ
MIS205,19,MMb
MIS205,20,MWa
MIS210,1,NLi
MIS310,1,KMS2
MIS320,1,MBR1
MIS450,1,NwA
MIS470,1,KMS2
MIS480,1,RZZ
MIS651,1,Mki
MKT202,1,EMd
MKT202,2,MEv
MKT202,3,KNM1
MKT202,4,BHn
MKT202,5,BHn
MKT202,6,FCh
MKT202,7,FCh
MKT202,8,FHZ
MKT202,9,Fss
MKT202,10,Sne
MKT202,11,FHZ
MKT202,12,Fss
MKT202,13,Fzy
MKT202,14,IJL
MKT202,15,Mbt
MKT202,16,Rst
MKT202,17,Sne
MKT202,18,Sne
MKT202,19,SSA1
MKT202,20,MZL
MKT202,21,MZL
MKT202,22,MZL
MKT330,1,EhN
MKT330,2,MEv
MKT330,3,MEv
MKT337,1,EhN
MKT337,2,EhN
MKT337,3,EMd
MKT337,6,Onf
MKT337,7,Onf
MKT337,8,SeH
MKT337,9,EMd
MKT337,10,Sne
MKT337,11,MZL
MKT344,1,NNA
MKT344,2,NNA
MKT344,3,FCh
MKT344,4,FCh
MKT344,5,Fzy
MKT344,6,MM1
MKT344,7,IJL
MKT344,8,IJL
MKT344,9,IJS
MKT344,10,IJS
MKT344,11,QEA
MKT382,1,Fzy
MKT382,2,Rst
MKT382,3,Rst
MKT382,4,SKI
MKT382,5,SKI
MKT382,6,Rst
MKT412,1,FHZ
MKT412,2,FHZ
MKT412,3,IJL
MKT412,4,IJS
MKT412,5,IJS
MKT412,6,ZTK
MKT445,1,QEA
MKT450,1,RfE
MKT450,2,RfE
MKT460,1,NNA
MKT460,2,NNA
MKT460,3,BHn
MKT460,4,BHn
MKT460,5,Mbt
MKT460,6,Mbt
MKT460,7,FdF
MKT460,8,NTB
MKT460,9,QEA
MKT460,10,RfE
MKT460,11,SeH
MKT460,12,SeH
MKT465,1,EMd
MKT465,2,NTB
MKT465,3,NTB
MKT465,4,Onf
MKT465,5,Onf
MKT465,6,SeH
MKT465,7,ZTK
MKT465,8,ZTK
MKT470,1,HSK1
MKT470,2,MM1
MKT470,3,MM1
MKT470,4,DSr
MKT470,5,HSK1
MKT470,6,MdH
MKT470,7,MM1
MKT470,8,SKI
MKT470,9,RfE
MKT470,10,DSr
MKT470,11,SKI
MKT470,12,MdH
MKT621,1,MdS
MKT621,2,HSK1
MKT621,3,AfR1
MKT623,1,FNa1
MKT623,3,FNa1
MKT625,1,TyH
MKT626,1,BkR
MKT627,1,DSr
MKT629,1,AMM3
MKT630,1,TBA
MKT631,1,Tmr
MKT631,2,TyH
MKT633,2,DSr
MKT634,1,HKC
PAD201,1,MbU
PAD201,2,MR
PAD201,4,NzM
PAD201,5,SLK
PAD201,6,SSb1
PAD201,7,MMH3
PBH101,1,SbS
PBH101,2,SbS
PBH101,3,MRB
PBH101,4,Abl
PBH101,5,RkY
PBH101,6,SMM1
PBH101,7,SbS
PBH101,8,KLn
PBH101,9,SMM1
PBH101,10,SSL1
PBH101,11,SgD
PBH101,12,AfC
PBH101,13,SgD
PBH101,14,RkY
PBH101,15,SgD
PBH101,16,SD
PBH101,17,NKD
PBH101,18,PjM
PBH101,19,SMM1
PBH101,20,SMM1
PBH101,21,PjM
PBH101,22,SzP
PBH101,23,NdS
PBH101,24,HRh
PBH101,25,SzP
PBH101,27,AAL
PBH101,28,AfC
PBH101,29,SSL1
PBH101,30,SSL1
PBH101,31,AfC
PBH101,32,PjM
PBH101L,1,SbS
PBH101L,2,SbS
PBH101L,3,SbS
PBH101L,4,PjM
PBH101L,5,PjM
PBH101L,6,PjM
PBH602,2,DHH
PBH602,4,AH1
PBH605,1,HtN
PBH605,2,KLn
PBH605,3,Nme
PBH605,4,AfC
PBH605,5,SSL1
PBH605,6,TBA
PBH605,7,TBA
PBH609,1,TaJ
PBH611,1,AH1
PBH611,2,DKM
PBH611,3,DKM
PBH611,4,DKM
PBH631,1,Kqz
PBH631,2,Ltm
PBH631,3,MRK4
PBH642,1,MK
PBH642,2,DHH
PBH642,3,sr
PBH642,4,SRM1
PBH643,1,StR
PBH644,1,Nme
PBH653,1,NAJ
PBH663,1,SzP
PBH663,2,DKM
PBH663,3,Nme
PBH663,4,KaN
PBH671,1,TBA
PBH672,1,ThA
PBH678,1,AQy
PBH681,1,KdI1
PBH701,1,Sho
PBH701,2,DLB
PBH701,3,HtN
PBH704,1,SGK
PBH706,1,NaA
PBH711,1,AH1
PBH711,2,AH1
PBH712,1,MK
PBH712,2,MKp
PBH714,1,MTI
PBH734,1,AQy
PBH742,1,DHH
PBH742,2,MTI
PBH771,1,SzP
PBH781,1,SjZ
PBH782,1,MIs
PBH805,1,GdA
PBH805,2,DHH
PBH805,3,AH1
PBH805,4,DKM
PBH806,1,GdA
PBH806,2,DHH
PBH806,3,AH1
PBH806,4,DKM
PBH842,1,sr
PBH842,2,HtN
PHI101,1,RRv
PHI101,2,RRv
PHI101,3,JsU
PHI101,4,JsU
PHI101,5,JsU
PHI101,6,RAK
PHI101,7,mtn4
PHI101,8,mtn4
PHI101,9,NSt
PHI101,10,NSt
PHI101,11,dss
PHI101,12,dss
PHI101,13,NSt
PHI101,14,Krl
PHI101,15,MnT
PHI102,1,mtn4
PHI104,1,RAK
PHI104,2,RAK
PHI104,3,RRv
PHI104,4,RRv
PHI104,5,MnT
PHI104,6,MnT
PHI104,7,GAK
PHI401,1,Krl
PHI401,2,Krl
PHI401,3,Shd
PHI401,4,Shd
PHI401,5,afb
PHI401,6,afb
PHI401,7,BAi
PHI401,8,BAi
PHI401,9,BAi
PHI401,10,Rdn
PHI401,11,Rdn
PHI401,12,SaH
PHI401,14,SaH
PHI401,15,SsR2
PHI401,16,SsR2
PHI401,17,EfS
PHI401,18,EfS
PHI401,19,KTR
PHI401,20,KTR
PHI401,21,TAS
PHI401,22,TAS
PHR100,1,TBA
PHR110,1,SSb3
PHR110,2,Pmt
PHR110,3,AMP
PHR110,4,Nff
PHR110,5,Nff
PHR110,6,Nff
PHR110,7,JIH
PHR110,8,JIH
PHR110,9,GMR
PHR111,1,ABp
PHR112,1,ZTG
PHR112,2,ZTG
PHR112,3,TFM
PHR112,4,TFM
PHR112,5,Nff
PHR112,6,JIH
PHR112,7,TBA
PHR112,8,JIH
PHR112,9,JIH
PHR112,10,TBA
PHR113,1,TLM
PHR113,2,Nff
PHR113,3,Nff
PHR114,1,Pmt
PHR114,2,Pmt
PHR114,3,JAC
PHR114,4,JAC
PHR114,5,SIL2
PHR114,6,SIL2
PHR114L,1,TBA
PHR114L,2,TBA
PHR114L,3,TBA
PHR114L,4,TBA
PHR114L,5,TBA
PHR114L,6,TBA
PHR114L,7,TBA
PHR114L,8,TBA
PHR114L,9,TBA
PHR114L,10,TBA
PHR114L,11,TBA
PHR115,1,TBA
PHR115,2,GMR
PHR120,1,AMz
PHR120,2,AMz
PHR120,3,NuH
PHR120,4,NuH
PHR120,5,SMS3
PHR120,6,SMS3
PHR120L,1,TBA
PHR120L,2,TBA
PHR120L,3,TBA
PHR120L,4,TBA
PHR120L,5,TBA
PHR120L,6,TBA
PHR120L,7,TBA
PHR120L,8,TBA
PHR120L,9,TBA
PHR120L,10,TBA
PHR120L,11,TBA
PHR121,1,AAs
PHR121,2,TYs
PHR121,3,TYs
PHR121,4,HnM
PHR121,5,NuS
PHR121,6,ZTG
PHR121,7,ZTG
PHR121,8,AAs
PHR122,1,RsD
PHR122,2,RsD
PHR122,3,MAK1
PHR122L,1,TBA
PHR122L,2,TBA
PHR122L,3,TBA
PHR122L,4,TBA
PHR122L,5,TBA
PHR123,1,Slz
PHR123,2,Slz
PHR123,3,TLM
PHR123,4,TLM
PHR123,5,TLM
PHR123,6,SIL2
PHR123,7,SIL2
PHR124,1,SZ
PHR124,2,SZ
PHR124,3,Thz
PHR124,4,Thz
PHR124,5,FDA
PHR124L,1,TBA
PHR124L,3,TBA
PHR124L,4,TBA
PHR124L,5,TBA
PHR124L,6,TBA
PHR124L,11,TBA
PHR200,1,GMR
PHR210,1,Mna
PHR210,2,Mna
PHR210,3,Mzi
PHR210,4,Mzi
PHR210L,1,TBA
PHR210L,2,TBA
PHR210L,3,TBA
PHR210L,4,TBA
PHR210L,5,TBA
PHR210L,6,TBA
PHR210L,7,TBA
PHR210L,8,TBA
PHR211,1,hhm
PHR211,2,Thz
PHR211,3,FrK
PHR211,4,FrK
PHR211L,1,TBA
PHR211L,2,TBA
PHR211L,3,TBA
PHR211L,4,TBA
PHR211L,5,TBA
PHR211L,6,TBA
PHR211L,7,TBA
PHR212,1,Nkt
PHR212,2,Nkt
PHR212,3,NuH
PHR212,4,NuH
PHR212L,1,TBA
PHR212L,2,TBA
PHR212L,3,TBA
PHR212L,4,TBA
PHR212L,5,TBA
PHR212L,6,TBA
PHR212L,7,TBA
PHR213,1,4-Mar
PHR213,2,AAs
PHR213,3,MAK1
PHR213,4,MAK1
PHR214,1,TYs
PHR214,2,TYs
PHR214,3,Mfl
PHR214,4,Msi
PHR214,5,Msi
PHR215,1,HnM
PHR215,2,FjA
PHR215,3,FjA
PHR215,4,NuS
PHR215L,1,TBA
PHR215L,2,TBA
PHR215L,3,TBA
PHR215L,4,TBA
PHR215L,5,TBA
PHR215L,6,TBA
PHR215L,7,TBA
PHR220,2,SKz
PHR221,1,NuH
PHR221,2,AsL
PHR221,3,AsL
PHR221,4,Mna
PHR221L,1,TBA
PHR221L,2,TBA
PHR221L,3,TBA
PHR221L,4,TBA
PHR221L,5,TBA
PHR221L,6,TBA
PHR222,1,NuS
PHR222,2,AbF
PHR222L,1,TBA
PHR222L,2,TBA
PHR222L,3,TBA
PHR222L,4,TBA
PHR222L,5,TBA
PHR223,1,MNs
PHR223,2,SSb3
PHR223,3,SSb3
PHR223,4,JIH
PHR223L,1,TBA
PHR223L,2,TBA
PHR223L,3,TBA
PHR223L,4,TBA
PHR223L,5,TBA
PHR223L,6,TBA
PHR223L,7,TBA
PHR223L,8,TBA
PHR223L,9,TBA
PHR224,1,NuS
PHR224,2,NuS
PHR224L,1,TBA
PHR224L,2,TBA
PHR224L,3,TBA
PHR224L,4,TBA
PHR225,1,FrK
PHR225,2,MHS3
PHR225,3,MAK1
PHR226,1,EAM
PHR227,1,AHM1
PHR227,2,AHM1
PHR300,1,HRz
PHR300,2,HRz
PHR300,3,MNs
PHR300,4,TBA
PHR300,5,AAT
PHR300,6,TBA
PHR310,1,SSH
PHR310,2,Mna
PHR310,3,EAM
PHR310L,1,TBA
PHR310L,2,TBA
PHR310L,3,TBA
PHR310L,4,TBA
PHR310L,5,TBA
PHR311,1,SSH
PHR312,1,Nkt
PHR312,2,Nkt
PHR312,3,SMS3
PHR312,4,SMS3
PHR312L,1,TBA
PHR312L,2,TBA
PHR312L,3,TBA
PHR312L,4,TBA
PHR312L,5,TBA
PHR313,1,4-Mar
PHR313,2,KAA
PHR313,3,KAA
PHR313,4,ZTG
PHR313L,1,TBA
PHR313L,2,TBA
PHR313L,3,TBA
PHR313L,4,TBA
PHR313L,5,KAA
PHR314,1,KAA
PHR314,2,KAA
PHR314,3,Thz
PHR314L,1,TBA
PHR314L,2,TBA
PHR314L,3,TBA
PHR314L,4,TBA
PHR314L,5,TBA
PHR315,1,AMP
PHR315,2,AMP
PHR320,1,AbF
PHR320,2,HnM
PHR321,1,AMP
PHR321,2,MCS
PHR322,1,AAs
PHR322,2,AAs
PHR322,3,SSb3
PHR322,4,SSb3
PHR322L,1,TBA
PHR322L,2,TBA
PHR322L,3,TBA
PHR322L,4,TBA
PHR322L,5,TBA
PHR322L,6,TBA
PHR322L,7,TBA
PHR322L,8,TBA
PHR322L,9,TBA
PHR323,1,Swd
PHR323,2,Swd
PHR323,3,Swd
PHR324,1,hhm
PHR324,2,hhm
PHR324,3,4-Mar
PHR324,4,TBA
PHR324,5,AAs
PHR325,1,HRz
PHR325,2,HRz
PHR325,3,PJa
PHR325,4,MHS3
PHR325,5,PJa
PHR326,1,FDA
PHR326,2,FDA
PHR327,1,FDA
PHR327,2,FDA
PHR327,3,FDA
PHR400,1,Mfl
PHR400,2,Mfl
PHR400,3,Mfl
PHR400,4,AtB
PHR410,1,GMR
PHR410,2,ABp
PHR410,3,ABp
PHR410,4,ABp
PHR411,1,MNs
PHR411,2,MNs
PHR411,3,hhm
PHR411,4,MHS3
PHR411L,1,TBA
PHR411L,2,TBA
PHR411L,3,TBA
PHR411L,4,TBA
PHR411L,5,TBA
PHR411L,6,TBA
PHR411L,7,TBA
PHR412,1,SeR
PHR412,2,SeR
PHR413,1,GMR
PHR413,2,dmn
PHR413,3,dmn
PHR413L,1,TBA
PHR413L,2,TBA
PHR413L,3,TBA
PHR413L,4,TBA
PHR414,1,MCS
PHR414,2,MCS
PHR414,3,AsC
PHR414,4,AsC
PHR415,1,Mna
PHR415,2,PJa
PHR415,3,Pmt
PHR415,4,Pmt
PHR415,5,SSb3
PHR415,6,SIL2
PHR418,1,AMP
PHR420,1,RRz
PHR420,2,RRz
PHR420,3,RRz
PHR421,1,4-Mar
PHR421,3,RId
PHR421,4,TBA
PHR422,1,TBA
PHR422,2,TBA
PHR422,3,TBA
PHR422,4,TBA
PHR422,5,TBA
PHR422,6,TBA
PHR422,7,TBA
PHR422,8,TBA
PHR422,9,TBA
PHR422,10,TBA
PHR422,11,TBA
PHR422,12,TBA
PHR422,13,TBA
PHR422,14,TBA
PHR422,15,TBA
PHR422,16,TBA
PHR422,17,TBA
PHR422,18,TBA
PHR422,19,TBA
PHR422,20,TBA
PHR422,21,TBA
PHR422,22,TBA
PHR422,23,TBA
PHR422,24,TBA
PHR422,25,TBA
PHR422,26,TBA
PHR422,27,TBA
PHR422,28,TBA
PHR422,29,TBA
PHR422,30,TBA
PHR422,31,TBA
PHR422,32,TBA
PHR422,33,TBA
PHR422,34,TBA
PHR422,35,TBA
PHR422,36,TBA
PHR422,37,TBA
PHR422,38,TBA
PHR422,39,TBA
PHR422,40,TBA
PHR423,1,TBA
PHR423,2,TBA
PHR423,3,TBA
PHR423,4,TBA
PHR423,5,TBA
PHR423,6,TBA
PHR423,7,TBA
PHR423,8,TBA
PHR423,9,TBA
PHR423,10,TBA
PHR423,11,TBA
PHR423,12,TBA
PHR423,13,TBA
PHR423,14,TBA
PHR423,15,TBA
PHR423,16,TBA
PHR423,17,TBA
PHR423,18,TBA
PHR423,19,TBA
PHR423,20,TBA
PHR423,21,TBA
PHR423,22,TBA
PHR423,23,TBA
PHR423,24,TBA
PHR423,25,TBA
PHR423,26,TBA
PHR423,27,TBA
PHR423,28,TBA
PHR423,29,TBA
PHR423,30,TBA
PHR423,31,TBA
PHR423,32,TBA
PHR423,33,TBA
PHR423,34,TBA
PHR423,35,TBA
PHR423,36,TBA
PHR423,37,TBA
PHR423,38,TBA
PHR423,39,TBA
PHR423,40,TBA
PHR424,1,TLM
PHR426,1,GMR
PHR5001,1,MHS3
PHR5001,2,ABp
PHR5002,1,Mna
PHR5002,2,SMS3
PHR5003,1,TSk
PHR5003,2,TSk
PHR5011,1,hhm
PHR5012,1,Mfl
PHR5012,2,FrK
PHR5013,1,MNs
PHR5015,1,MSs
PHR5021,1,SSH
PHR5022,1,Slz
PHR5023,1,GMR
PHR5101,1,TBA
PHR5101,2,4-Mar
PHR5106,1,TBA
PHR5107,1,TBA
PHR5108,1,AFr
PHR5108,2,AFr
PHR5110,1,TBA
PHR5110,2,TBA
PHR5110,3,TBA
PHR5110,4,TBA
PHR5110,5,TBA
PHR5110,6,TBA
PHR5110,7,TBA
PHR5110,8,TBA
PHR5110,9,TBA
PHR5110,10,TBA
PHR5110,11,TBA
PHR5110,12,TBA
PHR5110,13,TBA
PHR5110,14,TBA
PHR5110,15,TBA
PHR5110,16,TBA
PHR5110,17,TBA
PHR5110,18,TBA
PHR5110,19,TBA
PHR5110,20,TBA
PHR5110,21,TBA
PHR5110,22,TBA
PHR5110,23,TBA
PHR5110,24,TBA
PHR5110,25,TBA
PHR5110,26,TBA
PHR5110,27,TBA
PHR5110,28,TBA
PHR5110,29,TBA
PHR5110,30,TBA
PHR5110,31,TBA
PHR5111,1,TBA
PHR5111,2,TBA
PHR5111,3,TBA
PHR5111,4,TBA
PHR5111,5,TBA
PHR5111,6,TBA
PHR5111,7,TBA
PHR5112,1,TBA
PHR5112,2,TBA
PHR5112,3,TBA
PHR5112,4,TBA
PHR5112,5,TBA
PHR5112,6,TBA
PHR5112,7,TBA
PHR5113,1,TBA
PHR5113,2,TBA
PHR5113,3,TBA
PHR5113,4,TBA
PHR5113,5,TBA
PHR5113,6,TBA
PHR5113,7,TBA
PHR5113,8,TBA
PHR5113,9,TBA
PHR5113,10,TBA
PHR5113,11,TBA
PHR5113,12,TBA
PHR5113,13,TBA
PHR5113,14,TBA
PHR5113,15,TBA
PHR5113,16,TBA
PHR5113,17,TBA
PHR5113,18,TBA
PHR5113,19,TBA
PHR5113,20,TBA
PHR5113,21,TBA
PHR5113,22,TBA
PHR5113,23,TBA
PHR5113,24,TBA
PHR5113,25,TBA
PHR5113,26,TBA
PHR5113,27,TBA
PHR5113,28,TBA
PHR5113,29,TBA
PHR5113,30,TBA
PHR5201,1,HnM
PHR5201,2,MAK1
PHR5208,1,SeR
PHR5208,2,MCS
PHR5209,1,RId
PHY107,1,ZBM
PHY107,2,ZBM
PHY107,3,ZBM
PHY107,4,HrR
PHY107,5,Aua
PHY107,6,Aua
PHY107,7,Aua
PHY107,8,MfR
PHY107,9,MfR
PHY107,10,MfR
PHY107,11,NzM3
PHY107,12,NzM3
PHY107,13,NzM3
PHY107,14,Azm1
PHY107,15,Azm1
PHY107,16,Azm1
PHY107,17,HrR
PHY107,19,SIs
PHY107,20,SIs
PHY107,22,SMv
PHY107,23,SMv
PHY107L,1,MfR
PHY107L,2,MfR
PHY107L,3,MfR
PHY107L,4,SIs
PHY107L,5,ZBM
PHY107L,6,ZBM
PHY107L,7,NzM3
PHY107L,8,NzM3
PHY107L,9,NzM3
PHY107L,10,Azm1
PHY107L,11,Azm1
PHY107L,12,Azm1
PHY107L,13,SIs
PHY107L,14,SIs
PHY107L,15,ZBM
PHY107L,16,SMv
PHY107L,17,SMv
PHY107L,18,SMv
PHY107L,19,SIs
PHY107L,20,HrR
PHY107L,21,HrR
PHY107L,22,SIs
PHY107L,23,HrR
PHY107L,24,SIs
PHY107L,25,ZBM
PHY108,1,ZUM
PHY108,2,ZUM
PHY108,3,HrR
PHY108,4,SCG
PHY108,5,SCG
PHY108,6,SCG
PHY108,7,Aua
PHY108,8,Aua
PHY108,9,SCG
PHY108,10,AuZ
PHY108,11,AuZ
PHY108,12,AuZ
PHY108,13,SwP
PHY108,14,SwP
PHY108,15,SwP
PHY108,16,AK
PHY108,17,Mdy
PHY108L,1,ZUM
PHY108L,2,ZUM
PHY108L,3,ZUM
PHY108L,4,SCG
PHY108L,5,SCG
PHY108L,6,SCG
PHY108L,7,AuZ
PHY108L,8,AuZ
PHY108L,9,AuZ
PHY108L,10,SwP
PHY108L,11,SwP
PHY108L,12,SwP
PHY108L,13,KSd
PHY108L,14,KSd
POL101,1,EdH
POL101,2,MbU
POL101,3,MbU
POL101,4,CMy
POL101,5,CMy
POL101,6,MJU
POL101,7,MJU
POL101,8,MJU
POL101,9,MJU
POL101,10,SR3
POL101,11,SR3
POL101,12,SR3
POL101,13,MR
POL101,14,MR
POL101,15,Klm
POL101,16,SAR3
POL101,17,SAR3
POL101,18,SuA2
POL101,19,SuA2
POL101,20,Aym
POL101,21,Aym
POL101,22,KAA3
POL101,23,KAA3
POL101,24,SA2
POL101,25,2-Mar
POL101,27,SCj
POL101,28,SCj
POL101,29,MbU
POL101,30,Azw
POL101,31,MR
POL104,1,SLK
POL104,2,MMH3
POL202,1,Klm
PPG525,1,SMz
PPG530,1,RzK
PPG565,1,MMH3
PSY101,1,SFK
PSY101,2,SFK
PSY101,3,SFK
PSY101,4,ARK3
PSY101,5,ARK3
PSY101,6,TKs1
PSY101,7,TKs1
PSY101L,1,TKs1
SCM320,1,HQ
SCM450,1,Mof
SOC101,1,BSq
SOC101,2,BSq
SOC101,3,MMB3
SOC101,4,MMB3
SOC101,5,TZf
SOC101,6,TZf
SOC101,7,MAj
SOC101,8,NAH1
SOC101,9,NAH1
SOC101,10,DKK
SOC101,11,MzK
SOC101,12,AMI1
SOC101,13,SLa1
SOC101,14,SLa1
SOC101,15,MBH1
SOC101,16,DKK
SOC101,17,AAA
SOC101,18,AAA
SOC101,19,Fns
SOC101,20,Fns
SOC101,22,Fns
SOC101,24,MBH1
SOC101,25,MzK
SOC201,1,MAj
SOC201,2,NzM
TNM201,1,MHR3
TNM201,2,MHR3
TNM201,3,MHR3
WMS201,1,TZf
WMS201,2,MAj
WMS201,3,MAj
