1,ACT201,1,NNh,MW 01:00 PM - 02:30 PM
2,ACT201,2,RNH,MW 11:20 AM - 12:50 PM
3,ACT201,3,RNH,MW 01:00 PM - 02:30 PM
4,ACT201,4,Sbr,ST 09:40 AM - 11:10 AM
5,ACT201,5,Sbr,ST 11:20 AM - 12:50 PM
6,ACT201,6,SgS,ST 11:20 AM - 12:50 PM
7,ACT201,7,TBA,MW 04:20 PM - 05:50 PM
8,ACT201,8,TBA,MW 08:00 AM - 09:30 AM
9,ACT201,9,TBA,MW 01:00 PM - 02:30 PM
10,ACT201,10,TBA,ST 04:20 PM - 05:50 PM
11,ACT201,11,TsA,ST 01:00 PM - 02:30 PM
12,ACT201,12,Ani,ST 08:00 AM - 09:30 AM
13,ACT201,13,Asy,ST 09:40 AM - 11:10 AM
14,ACT201,14,Asy,ST 01:00 PM - 02:30 PM
15,ACT201,15,FMQ,ST 02:40 PM - 04:10 PM
16,ACT201,16,IAC,ST 02:40 PM - 04:10 PM
17,ACT201,17,IAC,ST 11:20 AM - 12:50 PM
18,ACT201,18,KHM,RA 08:00 AM - 09:30 AM
19,ACT201,19,KHT,ST 02:40 PM - 04:10 PM
20,ACT201,20,KHT,ST 04:20 PM - 05:50 PM
21,ACT201,21,MdM,ST 11:20 AM - 12:50 PM
22,ACT201,22,MRe,RA 09:40 AM - 11:10 AM
23,ACT201,23,MRe,RA 11:20 AM - 12:50 PM
24,ACT201,24,NbN,MW 08:00 AM - 09:30 AM
25,ACT201,25,NNh,MW 02:40 PM - 04:10 PM
26,ACT201,26,RMB,MW 11:20 AM - 12:50 PM
27,ACT201,27,RMB,MW 01:00 PM - 02:30 PM
28,ACT202,1,IBN,RA 02:40 PM - 04:10 PM
29,ACT202,2,IBN,RA 04:20 PM - 05:50 PM
30,ACT202,3,ARm,MW 04:20 PM - 05:50 PM
31,ACT202,4,ARm,ST 02:40 PM - 04:10 PM
32,ACT202,5,ARm,ST 04:20 PM - 05:50 PM
33,ACT202,6,BFK,RA 09:40 AM - 11:10 AM
34,ACT202,7,BFK,RA 11:20 AM - 12:50 PM
35,ACT202,8,BFK,ST 04:20 PM - 05:50 PM
36,ACT202,9,BFK,ST 02:40 PM - 04:10 PM
37,ACT202,10,FHW,RA 04:20 PM - 05:50 PM
38,ACT202,11,FHW,RA 02:40 PM - 04:10 PM
39,ACT202,12,FMQ,ST 01:00 PM - 02:30 PM
40,ACT202,13,IAC,MW 11:20 AM - 12:50 PM
41,ACT202,14,KHM,RA 09:40 AM - 11:10 AM
42,ACT202,15,MRe,MW 09:40 AM - 11:10 AM
43,ACT202,16,TBA,MW 02:40 PM - 04:10 PM
44,ACT202,17,Rby,ST 02:40 PM - 04:10 PM
45,ACT202,18,Rby,ST 04:20 PM - 05:50 PM
46,ACT202,19,Rkb,MW 09:40 AM - 11:10 AM
47,ACT202,20,Sbr,MW 09:40 AM - 11:10 AM
48,ACT202,21,Sbr,MW 11:20 AM - 12:50 PM
49,ACT202,22,SyS,ST 09:40 AM - 11:10 AM
50,ACT202,23,SyS,ST 11:20 AM - 12:50 PM
51,ACT202,24,TBA,ST 08:00 AM - 09:30 AM
52,ACT202,25,TBA,RA 11:20 AM - 12:50 PM
53,ACT202,26,MRe,MW 08:00 AM - 09:30 AM
54,ACT202,27,Trq,RA 08:00 AM - 09:30 AM
55,ACT202,28,TsA,MW 09:40 AM - 11:10 AM
56,ACT202,29,TsA,MW 01:00 PM - 02:30 PM
57,ACT310,1,MGR,ST 11:20 AM - 12:50 PM
58,ACT310,2,Rkb,MW 01:00 PM - 02:30 PM
59,ACT320,1,MGR,MW 11:20 AM - 12:50 PM
60,ACT322,1,Ahu,ST 01:00 PM - 02:30 PM
61,ACT322,2,Ahu,ST 04:20 PM - 05:50 PM
62,ACT322,3,Ksr,ST 08:00 AM - 09:30 AM
63,ACT322,4,Ksr,MW 08:00 AM - 09:30 AM
64,ACT322,5,Cancelled,RA 04:20 PM - 05:50 PM
65,ACT330,1,Ahu,RA 11:20 AM - 12:50 PM
66,ACT330,2,Ani,MW 08:00 AM - 09:30 AM
67,ACT330,3,Ani,MW 11:20 AM - 12:50 PM
68,ACT330,4,NbN,ST 08:00 AM - 09:30 AM
69,ACT330,5,NbN,ST 11:20 AM - 12:50 PM
70,ACT330,6,Rby,MW 09:40 AM - 11:10 AM
71,ACT330,7,Rby,MW 11:20 AM - 12:50 PM
72,ACT330,8,TBA,RA 04:20 PM - 05:50 PM
73,ACT333,1,Ani,ST 11:20 AM - 12:50 PM
74,ACT333,2,NbN,MW 11:20 AM - 12:50 PM
75,ACT341,1,Ahu,RA 02:40 PM - 04:10 PM
76,ACT431,1,Rkb,MW 02:40 PM - 04:10 PM
77,ANT101,1,BSq,ST 09:40 AM - 11:10 AM
78,ANT101,2,MHR3,RA 01:00 PM - 02:30 PM
79,ANT101,3,MHR3,RA 04:20 PM - 05:50 PM
80,ANT101,4,TZf,ST 02:40 PM - 04:10 PM
81,ANT101,5,NN,ST 02:40 PM - 04:10 PM
82,ANT101,6,NN,ST 04:20 PM - 05:50 PM
83,ANT101,7,Fns,ST 08:00 AM - 09:30 AM
84,ANT103,1,BSq,MW 09:40 AM - 11:10 AM
85,ARC111,1,MUN,ST 09:40 AM - 12:50 PM
86,ARC112,1,AHS1,STW 01:10 PM - 04:10 PM
87,ARC121,1,AHS1,MW 09:40 AM - 12:50 PM
88,ARC122,1,SNF,STW 09:40 AM - 12:50 PM
89,ARC123,1,AHS1,ST 09:40 AM - 12:50 PM
90,ARC131,1,FAR,ST 04:20 PM - 05:50 PM
91,ARC133,1,AHS1,R 09:40 AM - 11:10 AM
92,ARC200,1,TBA,TBA
93,ARC213,1,SNF,STW 01:10 PM - 04:10 PM
94,ARC214,1,MUN,STMW 01:00 PM - 04:10 PM
95,ARC215,1,SIU,STW 01:10 PM - 04:10 PM
96,ARC241,1,SQR,MW 11:20 AM - 12:50 PM
97,ARC242,1,IZK,ST 09:40 AM - 11:10 AM
98,ARC251,1,ISH,MW 04:20 PM - 05:50 PM
99,ARC261,1,SIU,MW 09:40 AM - 11:10 AM
100,ARC262,1,SIU,ST 09:40 AM - 11:10 AM
101,ARC263,1,MFN,ST 04:20 PM - 05:50 PM
102,ARC264,1,KTM,R 09:40 AM - 11:10 AM
103,ARC271,1,SNF,MW 09:40 AM - 11:10 AM
104,ARC272,1,HUR,ST 11:20 AM - 12:50 PM
105,ARC273,1,SQR,M 09:40 AM - 12:50 PM
106,ARC281,1,HRK,R 02:10 PM - 05:00 PM
107,ARC282,1,FA2,R 09:40 AM - 12:50 PM
108,ARC283,1,FA2,R 01:00 PM - 02:30 PM
109,ARC310,1,TBA,ST 09:40 AM - 11:10 AM
110,ARC316,1,SAM1,STMW 01:00 PM - 04:10 PM
111,ARC317,1,ISH,STMW 01:00 PM - 04:10 PM
112,ARC318,1,SQR,STMW 01:00 PM - 04:10 PM
113,ARC324,1,RMY,ST 09:40 AM - 12:50 PM
114,ARC334,1,AHS1,MW 11:20 AM - 12:50 PM
115,ARC343,1,MUN,ST 04:20 PM - 05:50 PM
116,ARC344,1,HUR,W 11:20 AM - 12:50 PM
117,ARC384,1,TBA,R 01:00 PM - 04:10 PM
118,ARC410,1,SJD,ST 11:20 AM - 12:50 PM
119,ARC418,1,MFN,STMW 01:00 PM - 04:10 PM
120,ARC419,1,SJD,STMW 01:00 PM - 04:10 PM
121,ARC437,1,HUR,W 11:20 AM - 12:50 PM
122,ARC445,1,ISH,MW 09:40 AM - 11:10 AM
123,ARC456,1,TBA,ST 11:20 AM - 12:50 PM
124,ARC474,1,MFN,ST 11:20 AM - 12:50 PM
125,ARC492,1,FAR,R 02:40 PM - 05:50 PM
126,ARC500,1,HUR,R 11:20 AM - 12:50 AM
127,ARC510,1,MKU,STW 01:10 PM - 04:10 PM
128,ARC519,1,HUR,STW 01:00 PM - 04:10 PM
129,ARC535,1,IZK,MW 09:40 AM - 11:10 AM
130,ARC576,1,Cancelled,ST 11:20 AM - 12:50 PM
131,ARC596,1,IZK,STW 01:10 PM - 04:10 PM
132,BBT101,1,MSH3,RA 04:20 PM - 05:50 PM
133,BBT103,1,SFA2,ST 01:00 PM - 02:30 PM
134,BBT116/MIC116,1,KSd,RA 09:40 AM - 11:10 AM
135,BBT201/CHE201,1,MH1,MW 01:00 PM - 02:30 PM
136,BBT202/CHE202,1,MSH3,RA 09:40 AM - 11:10 AM
137,BBT203,1,Mqn,MW 01:00 PM - 02:30 PM
138,BBT204,1,MSH3,RA 01:00 PM - 02:30 PM
139,BBT205,1,ZAB,ST 09:40 AM - 11:10 AM
140,BBT206,1,KNH,MW 11:20 AM - 12:50 PM
141,BBT207/BBT313/MIC313,1,ZAB,MW 02:40 PM - 04:10 PM
142,BBT230/MIC205,1,Mqn,MW 01:00 PM - 02:30 PM
143,BBT301,1,Cancelled,TBA
144,BBT303/BBT316,1,KNH,ST 11:20 AM - 12:50 PM
145,BBT305,1,ZAB,ST 01:00 PM - 02:30 PM
146,BBT306,1,Sdl,MW 09:40 AM - 11:10 AM
147,BBT309,1,KRC,MW 04:20 PM - 05:50 PM
148,BBT310,1,CAK,RA 02:40 PM - 04:10 PM
149,BBT311,1,Klq,ST 04:20 PM - 05:50 PM
150,BBT312,3,MSH3,RA 01:00 PM - 02:30 PM
151,BBT312L,1,Cancelled,TBA
152,BBT314,1,KNH,MW 11:20 AM - 12:50 PM
153,BBT315,1,ZAB,ST 09:40 AM - 11:10 AM
154,BBT316L,1,Cancelled,ST 02:40 PM - 04:10 PM
155,BBT401,1,Sdl,ST 09:40 AM - 11:10 AM
156,BBT402,1,Sdl,ST 11:20 AM - 12:50 PM
157,BBT403,1,CAK,MW 01:00 PM - 02:30 PM
158,BBT404,1,KNH,MW 02:40 PM - 04:10 PM
159,BBT450,1,KNH,ST 02:40 PM - 04:10 PM
160,BBT491,1,TBA,ST 08:00 AM - 09:30 AM
161,BBT499,1,TBA,ST 08:00 AM - 09:30 AM
162,BBT499,2,TBA,RA 08:00 AM - 09:30 AM
163,BBT499,3,TBA,RA 08:00 AM - 09:30 AM
164,BBT601,1,Awn,S 06:00 PM - 09:10 PM
165,BBT622,1,NBb,M 06:00 PM - 09:10 PM
166,BBT638,1,TBA,W 06:00 PM - 09:10 PM
167,BBT652,1,TBA,T 06:00 PM - 09:10 PM
168,BBT659,1,TBA,S 06:00 PM - 09:10 PM
169,BBT685,1,TBA,R 06:00 PM - 09:10 PM
170,BBT701,1,TBA,ST 08:00 AM - 09:30 AM
171,BBT701,2,TBA,ST 04:20 PM - 05:50 PM
172,BBT751,1,Sru,M 06:00 PM - 09:10 PM
173,BEN205,1,Rme,ST 08:00 AM - 09:30 AM
174,BEN205,2,Rme,MW 08:00 AM - 09:30 AM
175,BEN205,3,Rme,MW 09:40 AM - 11:10 AM
176,BEN205,4,Rme,TBA
177,BEN205,5,Snj,ST 02:40 PM - 04:10 PM
178,BEN205,6,Snj,TBA
179,BEN205,7,MAz1,RA 08:00 AM - 09:30 AM
180,BEN205,8,Dr Nemai,RA 09:40 AM - 11:10 AM
181,BEN205,9,MAz1,RA 01:00 PM - 02:30 PM
182,BEN205,10,Dr Nemai,RA 02:40 PM - 04:10 PM
183,BEN205,11,Dr Nemai,RA 01:00 PM - 02:30 PM
184,BEN205,12,CANCELLED,RA 04:20 PM - 05:50 PM
185,BIO103,1,MNU1,ST 08:00 AM - 09:30 AM
186,BIO103,2,MNU1,ST 09:40 AM - 11:10 AM
187,BIO103,3,MjH1,ST 11:20 AM - 12:50 PM
188,BIO103,4,NBb,ST 01:00 PM - 02:30 PM
189,BIO103,5,EvM,ST 01:00 PM - 02:30 PM
190,BIO103,6,MjH1,ST 02:40 PM - 04:10 PM
191,BIO103,7,AIq,ST 04:20 PM - 05:50 PM
192,BIO103,8,MNU1,MW 08:00 AM - 09:30 AM
193,BIO103,9,SKK,MW 09:40 AM - 11:10 AM
194,BIO103,10,MjH1,MW 11:20 AM - 12:50 PM
195,BIO103,11,ACh,MW 11:20 AM - 12:50 PM
196,BIO103,12,SKK,MW 01:00 PM - 02:30 PM
197,BIO103,13,JSJ,MW 01:00 PM - 02:30 PM
198,BIO103,14,AIq,MW 02:40 PM - 04:10 PM
199,BIO103,15,NuR,MW 02:40 PM - 04:10 PM
200,BIO103,16,MjH1,MW 02:40 PM - 04:10 PM
201,BIO103,17,NuR,MW 04:20 PM - 05:50 PM
202,BIO103,18,APz,RA 08:00 AM - 09:30 AM
203,BIO103,19,APz,RA 09:40 AM - 11:10 AM
204,BIO103,20,LtB,RA 09:40 AM - 11:10 AM
205,BIO103,21,EvM,RA 11:20 AM - 12:50 PM
206,BIO103,22,LtB,RA 11:20 AM - 12:50 PM
207,BIO103,23,HiM,RA 01:00 PM - 02:30 PM
208,BIO103,24,SFA2,RA 02:40 PM - 04:10 PM
209,BIO103,25,MNU1,MW 09:40 AM - 11:10 AM
210,BIO103L,1,CAK,S 09:40 AM - 12:50 PM
211,BIO103L,2,CAK,S 09:40 AM - 12:50 PM
212,BIO103L,3,CAK,S 09:40 AM - 12:50 PM
213,BIO103L,4,SKK,S 01:10 PM - 05:00 PM
214,BIO103L,5,SKK,S 01:10 PM - 05:00 PM
215,BIO103L,6,SKK,S 01:10 PM - 05:00 PM
216,BIO103L,7,EvM,M 01:10 PM - 05:00 PM
217,BIO103L,8,EvM,M 01:10 PM - 05:00 PM
218,BIO103L,9,EvM,M 01:10 PM - 05:00 PM
219,BIO103L,10,CAK,T 01:10 PM - 05:00 PM
220,BIO103L,11,CAK,T 01:10 PM - 05:00 PM
221,BIO103L,12,CAK,T 01:10 PM - 05:00 PM
222,BIO103L,13,SFA2,W 09:40 AM - 12:50 PM
223,BIO103L,14,SFA2,W 09:40 AM - 12:50 PM
224,BIO103L,15,SFA2,W 09:40 AM - 12:50 PM
225,BIO103L,16,EvM,W 01:10 PM - 05:00 PM
226,BIO103L,17,EvM,W 01:10 PM - 05:00 PM
227,BIO103L,18,EvM,W 01:10 PM - 05:00 PM
228,BIO103L,19,ZAB,R 09:40 AM - 12:50 PM
229,BIO103L,20,ZAB,R 09:40 AM - 12:50 PM
230,BIO103L,21,ZAB,R 09:40 AM - 12:50 PM
231,BIO201,1,MSH3,ST 02:40 PM - 04:10 PM
232,BIO201,2,MSH3,MW 09:40 AM - 11:10 AM
233,BIO201L,1,MSH3,ST 04:20 PM - 05:50 PM
234,BIO201L,2,MSH3,RA 04:20 PM - 05:50 PM
235,BIO210,1,Cancelled,TBA
236,BIO210,2,MSH3,ST 02:40 PM - 04:10 PM
237,BSC201,1,AK,RA 09:40 AM - 11:10 AM
238,BUS101,1,TFZ,MW 08:00 AM - 09:30 AM
239,BUS101,2,TFZ,MW 02:40 PM - 04:10 PM
240,BUS172,1,KNI,ST 08:00 AM - 09:30 AM
241,BUS172,2,TkN,ST 08:00 AM - 09:30 AM
242,BUS172,3,Fzn,RA 08:00 AM - 09:30 AM
243,BUS172,4,Nzn,ST 09:40 AM - 11:10 AM
244,BUS172,5,MHM,ST 09:40 AM - 11:10 AM
245,BUS172,6,KNI,ST 11:20 AM - 12:50 PM
246,BUS172,7,TkN,ST 11:20 AM - 12:50 PM
247,BUS172,8,MHM,ST 11:20 AM - 12:50 PM
248,BUS172,9,Nzn,ST 01:00 PM - 02:30 PM
249,BUS172,10,AM2,ST 04:20 PM - 05:50 PM
250,BUS172,11,Mat,MW 08:00 AM - 09:30 AM
251,BUS172,12,AMj,MW 09:40 AM - 11:10 AM
252,BUS172,13,Nfs,MW 01:00 PM - 02:30 PM
253,BUS172,14,CNq,MW 02:40 PM - 04:10 PM
254,BUS172,15,Sqm,MW 02:40 PM - 04:10 PM
255,BUS172,16,AZD,MW 02:40 PM - 04:10 PM
256,BUS172,17,ZkH3,MW 02:40 PM - 04:10 PM
257,BUS172,18,Nfs,MW 04:20 PM - 05:50 PM
258,BUS172,19,MRK3,RA 08:00 AM - 09:30 AM
259,BUS172,20,MAU3,RA 08:00 AM - 09:30 AM
260,BUS172,21,INz,RA 08:00 AM - 09:30 AM
261,BUS172,22,Abt,RA 09:40 AM - 11:10 AM
262,BUS172,23,AbS,RA 09:40 AM - 11:10 AM
263,BUS172,24,Hdo,RA 09:40 AM - 11:10 AM
264,BUS172,25,KMn,RA 11:20 AM - 12:50 PM
265,BUS172,26,MRK3,RA 11:20 AM - 12:50 PM
266,BUS172,27,Sfd,RA 11:20 AM - 12:50 PM
267,BUS172,28,AbS,RA 01:00 PM - 02:30 PM
268,BUS172,29,Rha,RA 01:00 PM - 02:30 PM
269,BUS172,30,Rahmutllah,RA 01:00 PM - 02:30 PM
270,BUS172,31,Hdo,RA 01:00 PM - 02:30 PM
271,BUS172,32,Rahmutllah,RA 04:20 PM - 05:50 PM
272,BUS173,1,Sqi,ST 08:00 AM - 09:30 AM
273,BUS173,2,MjL,ST 01:00 PM - 02:30 PM
274,BUS173,3,TkN,ST 01:00 PM - 02:30 PM
275,BUS173,4,Nvn,ST 02:40 PM - 04:10 PM
276,BUS173,5,AM2,ST 02:40 PM - 04:10 PM
277,BUS173,6,MjL,ST 04:20 PM - 05:50 PM
278,BUS173,7,Sqi,ST 04:20 PM - 05:50 PM
279,BUS173,8,TkN,MW 08:00 AM - 09:30 AM
280,BUS173,9,KNI,MW 08:00 AM - 09:30 AM
281,BUS173,10,KNI,MW 11:20 AM - 12:50 PM
282,BUS173,11,TkN,MW 11:20 AM - 12:50 PM
283,BUS173,12,Cancelled,MW 02:40 PM - 04:10 PM
284,BUS173,13,ACd,MW 02:40 PM - 04:10 PM
285,BUS173,14,Mat,MW 02:40 PM - 04:10 PM
286,BUS173,15,Cancelled,MW 04:20 PM - 05:50 PM
287,BUS173,16,AZD,MW 04:20 PM - 05:50 PM
288,BUS173,17,ACd,MW 04:20 PM - 05:50 PM
289,BUS173,18,Mat,MW 04:20 PM - 05:50 PM
290,BUS173,19,Sqm,MW 04:20 PM - 05:50 PM
291,BUS173,20,ZkH3,MW 04:20 PM - 05:50 PM
292,BUS173,21,KMn,RA 08:00 AM - 09:30 AM
293,BUS173,22,Min,RA 08:00 AM - 09:30 AM
294,BUS173,23,Min,RA 11:20 AM - 12:50 PM
295,BUS173,24,AjM,RA 01:00 PM - 02:30 PM
296,BUS173,25,AjM,RA 04:20 PM - 05:50 PM
297,BUS173,26,RHa,RA 04:20 PM - 05:50 PM
298,BUS251,1,RSj,ST 08:00 AM - 09:30 AM
299,BUS251,2,IsL,ST 09:40 AM - 11:10 AM
300,BUS251,3,RSj,ST 11:20 AM - 12:50 PM
301,BUS251,4,IsL,ST 01:00 PM - 02:30 PM
302,BUS251,5,KSU,ST 02:40 PM - 04:10 PM
303,BUS251,6,Sqt,MW 09:40 AM - 11:10 AM
304,BUS251,7,Mli,MW 09:40 AM - 11:10 AM
305,BUS251,8,KSU,MW 11:20 AM - 12:50 PM
306,BUS251,9,Mli,MW 01:00 PM - 02:30 PM
307,BUS251,10,FD,RA 11:20 AM - 12:50 PM
308,BUS498,1,Tmr,TBA
309,BUS498,2,Dsr,TBA
310,BUS498,3,IJS,TBA
311,BUS498,4,Mei,TBA
312,BUS498,5,SeH,TBA
313,BUS498,6,NTB,TBA
314,BUS498,7,SMI,TBA
315,BUS498,8,Rfe,TBA
316,BUS498,9,Fzy,TBA
317,BUS498,10,Onf,TBA
318,BUS498,11,Sne,TBA
319,BUS498,12,FHz,TBA
320,BUS498,13,Mbt,TBA
321,BUS498,14,Fss,TBA
322,BUS498,15,Emd,TBA
323,BUS498,16,IJL,TBA
324,BUS498,17,NNA,TBA
325,BUS498,18,QEA,TBA
326,BUS498,19,MM1,TBA
327,BUS498,20,Rst,TBA
328,BUS498,21,EhN,TBA
329,BUS498,22,MZL,TBA
330,BUS498,23,FCh,TBA
331,BUS498,24,AFH2,TBA
332,BUS498,25,MHZ,TBA
333,BUS498,26,Mev,TBA
334,BUS498,27,TFZ,TBA
335,BUS498,28,AMj,TBA
336,BUS498,29,JnA,TBA
337,BUS498,30,ShL,TBA
338,BUS498,31,UTH,TBA
339,BUS498,32,ZMU,TBA
340,BUS498,33,MSI2,TBA
341,BUS498,34,SAA2,TBA
342,BUS498,35,MHM,TBA
343,BUS498,36,ShH,TBA
344,BUS498,37,AIK,TBA
345,BUS498,38,NEH,TBA
346,BUS498,39,TRT,TBA
347,BUS498,40,TuA,TBA
348,BUS498,41,Afd,TBA
349,BUS498,42,Ayn,TBA
350,BUS498,43,NwA,TBA
351,BUS498,44,KSU,TBA
352,BUS498,45,Mhw,TBA
353,BUS498,46,KNI,TBA
354,BUS498,47,MfW,TBA
355,BUS498,48,IsL,TBA
356,BUS498,49,JMS,TBA
357,BUS498,50,AbU,TBA
358,BUS498,51,MjL,TBA
359,BUS498,52,RSj,TBA
360,BUS498,53,Sqt,TBA
361,BUS498,54,Mli,TBA
362,BUS498,55,Mof,TBA
363,BUS498,56,Nfs,TBA
364,BUS498,57,KMS2,TBA
365,BUS498,58,YUB,TBA
366,BUS498,59,NLi,TBA
367,BUS498,60,Sqi,TBA
368,BUS498,61,TkN,TBA
369,BUS498,62,AhM,TBA
370,BUS498,63,AhU,TBA
371,BUS498,64,Ani,TBA
372,BUS498,65,ARm,TBA
373,BUS498,66,Asy,TBA
374,BUS498,67,BFK,TBA
375,BUS498,68,FzH,TBA
376,BUS498,69,Hmu,TBA
377,BUS498,70,IAC,TBA
378,BUS498,71,KHT,TBA
379,BUS498,72,MAW,TBA
380,BUS498,73,MdM,TBA
381,BUS498,74,MGR,TBA
382,BUS498,75,Mjd,TBA
383,BUS498,76,MN,TBA
384,BUS498,77,Mre,TBA
385,BUS498,78,Mrj,TBA
386,BUS498,79,MzF,TBA
387,BUS498,80,NbN,TBA
388,BUS498,81,NNh,TBA
389,BUS498,82,Rby,TBA
390,BUS498,83,RMB,TBA
391,BUS498,84,Rkb,TBA
392,BUS498,85,Sbk,TBA
393,BUS498,86,Sbr,TBA
394,BUS498,87,SgS,TBA
395,BUS498,88,SnT,TBA
396,BUS498,89,Sys,TBA
397,BUS498,90,TsA,TBA
398,BUS498,91,RNH,TBA
399,BUS501,1,Mot,S 07:00 PM - 10:10 PM
400,BUS501,2,StG,A 03:00 PM - 06:30 PM
401,BUS501,3,SdI,W 07:00 PM - 10:10 PM
402,BUS501,4,Frs,M 07:00 PM - 10:10 PM
403,BUS505,1,FHW,M 07:00 PM - 10:10 PM
404,BUS505,2,FHW,W 03:00 PM - 06:30 PM
405,BUS505,3,Bhy,A 07:00 PM - 10:10 PM
406,BUS511,1,AMj,W 07:00 PM - 10:10 PM
407,BUS511,2,Rma,M 03:00 PM - 06:30 PM
408,BUS511,3,KZn,S 07:00 PM - 10:10 PM
409,BUS511,4,KZn,T 07:00 PM - 10:10 PM
410,BUS511,5,Rma,R 03:00 PM - 06:30 PM
411,BUS516,1,UTH,S 07:00 PM - 10:10 PM
412,BUS516,2,SAA2,M 03:00 PM - 06:30 PM
413,BUS516,3,SAA2,W 07:00 PM - 10:10 PM
414,BUS518,1,NMA,A 03:00 PM - 06:30 PM
415,BUS518,2,Zmn,T 07:00 PM - 10:10 PM
416,BUS518,3,MNB2,M 07:00 PM - 10:10 PM
417,BUS520,1,Shl,M 07:00 PM - 10:10 PM
418,BUS520,2,ULM,W 03:00 PM - 06:30 PM
419,BUS520,3,AAK,S 03:00 PM - 06:10 PM
420,BUS520,4,NAM3,A 07:00 PM - 10:10 PM
421,BUS520,5,Tfq,S 07:00 PM - 10:10 PM
422,BUS525,1,Zas,M 07:00 PM - 10:10 PM
423,BUS525,2,Tmr,T 07:00 PM - 10:10 PM
424,BUS525,3,StG,S 03:00 PM - 06:10 PM
425,BUS525,4,StG,F 07:00 PM - 10:10 PM
426,BUS525,5,Tmr,W 07:00 PM - 10:10 PM
427,BUS525,6,KMZ2,T 07:00 PM - 10:10 PM
428,BUS525,7,KMZ2,M 07:00 PM - 10:10 PM
429,BUS530,1,AAR,A 03:00 PM - 06:10 PM
430,BUS530,2,ZB,T 07:00 PM - 10:10 PM
431,BUS530,3,ZB,W 07:00 PM - 10:10 PM
432,BUS530,4,StG,S 07:00 PM - 10:10 PM
433,BUS530,5,AKP,M 07:00 PM - 10:10 PM
434,BUS530,6,AKP,R 07:00 PM - 10:10 PM
435,BUS530,7,Kdm,A 03:00 PM - 06:30 PM
436,BUS601,1,KsM,W 03:00 PM - 06:30 PM
437,BUS601,2,AAK,S 07:00 PM - 10:10 PM
438,BUS601,3,Tfq,T 07:00 PM - 10:10 PM
439,BUS601,4,KsM,W 07:00 PM - 10:10 PM
440,BUS601,5,NAM3,F 09:00 AM - 12:30 PM
441,BUS601,6,NAM3,F 07:00 PM - 10:10 PM
442,BUS620,1,JnA,M 07:00 PM - 10:10 PM
443,BUS620,2,BkR,S 07:00 PM - 10:10 PM
444,BUS620,3,SRf,W 07:00 PM - 10:10 PM
445,BUS620,4,ZaH,R 07:00 PM - 10:10 PM
446,BUS620,5,SRf,M 07:00 PM - 10:10 PM
447,BUS620,6,DSr,A 07:00 PM - 10:10 PM
448,BUS635,1,AtR,T 07:00 PM - 10:10 PM
449,BUS635,2,Dr. Ali As,W 07:00 PM - 10:10 PM
450,BUS635,3,3-Mar,T 07:00 PM - 10:10 PM
451,BUS635,4,3-Mar,M 07:00 PM - 10:10 PM
452,BUS635,5,Mid,M 07:00 PM - 10:10 PM
453,BUS635,6,Rma,S 03:00 PM - 06:30 PM
454,BUS650,1,MSI2,S 07:00 PM - 10:10 PM
455,BUS650,2,MSI2,T 07:00 PM - 10:10 PM
456,BUS650,3,AdZ,M 07:00 PM - 10:10 PM
457,BUS650,4,Mot,W 07:00 PM - 10:10 PM
458,BUS650,5,Frs,A 07:00 PM - 10:10 PM
459,BUS685,1,ZMU,M 07:00 PM - 10:10 PM
460,BUS685,2,ZMU,W 07:00 PM - 10:10 PM
461,BUS685,3,Dr. Saima,T 07:00 PM - 10:10 PM
462,BUS690,1,MdS,S 07:00 PM - 10:10 PM
463,BUS690,2,JnA,W 07:00 PM - 10:10 PM
464,BUS690,3,Shl,T 07:00 PM - 10:10 PM
465,BUS690,4,MdS,W 07:00 PM - 10:10 PM
466,BUS698,1,TBA,TBA
467,BUS699,1,TBA,TBA
468,BUS700,1,TUA,A 03:00 PM - 06:30 PM
469,CEE100,1,SBC,ST 09:40 AM - 11:10 AM
470,CEE100,2,SBC,MW 01:00 PM - 02:30 PM
471,CEE110,1,SK3,MW 09:40 AM - 11:10 AM
472,CEE110,2,SK3,MW 11:20 AM - 12:50 PM
473,CEE209,1,NDZ,RA 09:40 AM - 11:10 AM
474,CEE210,1,HRK,MW 04:20 PM - 05:50 PM
475,CEE211,1,AnY,RA 09:40 AM - 11:10 AM
476,CEE211,2,AnY,RA 11:20 AM - 12:50 PM
477,CEE211L,1,NMR,S 02:40 PM - 05:50 PM
478,CEE211L,2,NMR,T 02:40 PM - 05:50 PM
479,CEE212,1,FA2,MW 11:20 AM - 12:50 PM
480,CEE212,2,FA2,RA 02:40 PM - 04:10 PM
481,CEE212L,1,FA2,M 02:40 PM - 05:50 PM
482,CEE212L,2,FA2,W 02:40 PM - 05:50 PM
483,CEE213,1,SK3,ST 11:20 AM - 12:50 PM
484,CEE213,2,SK3,ST 09:40 AM - 11:10 AM
485,CEE213L,1,JKY,R 09:40 AM - 12:50 PM
486,CEE213L,2,JKY,R 02:40 PM - 05:50 PM
487,CEE214,1,TSR,ST 01:00 PM - 02:30 PM
488,CEE215,1,FA2,MW 01:00 PM - 02:30 PM
489,CEE260,1,ZAM,ST 11:20 AM - 12:50 PM
490,CEE310,1,SK3,ST 01:00 PM - 02:30 PM
491,CEE330L,1,NZU,R 09:40 AM - 12:50 PM
492,CEE330L,2,NZU,R 02:40 PM - 05:50 PM
493,CEE331,1,NZU,MW 02:40 PM - 04:10 PM
494,CEE331,2,NZU,MW 11:20 AM - 12:50 PM
495,CEE335,1,NZU,ST 02:40 PM - 04:10 PM
496,CEE335,2,Cancelled,MW 11:20 AM - 12:50 PM
497,CEE340,1,TSR,MW 09:40 AM - 11:10 AM
498,CEE340,2,TSR,MW 01:00 PM - 02:30 PM
499,CEE340,3,TSR,MW 02:40 PM - 04:10 PM
500,CEE350,1,JBR,MW 01:00 PM - 02:30 PM
501,CEE350,2,JBR,MW 02:40 PM - 04:10 PM
502,CEE360,1,NMR,ST 09:40 AM - 11:10 AM
503,CEE360L,1,NMR,R 02:40 PM - 05:50 PM
504,CEE370,1,NDZ,RA 01:00 PM - 02:30 PM
505,CEE370L,1,NDZ,RA 02:40 PM - 04:10 PM
506,CEE373,1,NDZ,ST 02:40 PM - 04:10 PM
507,CEE373L,1,NDZ,ST 04:20 PM - 05:50 PM
508,CEE410,1,SBC,MW 11:20 AM - 12:50 PM
509,CEE415,1,SBC,MW 09:40 AM - 11:10 AM
510,CEE415,2,Cancelled,MW 01:00 PM - 02:30 PM
511,CEE467,1,ZAM,ST 01:00 PM - 02:30 PM
512,CEE470,1,SEQ,MW 09:40 AM - 11:10 AM
513,CEE498,1,TBA,TBA
514,CEE498,2,TBA,TBA
515,CEE498,3,TBA,TBA
516,CEE498,4,TBA,TBA
517,CEE498,5,TBA,TBA
518,CEE499,1,TBA,TBA
519,CEE499,2,TBA,TBA
520,CEE499,3,TBA,TBA
521,CEE499,4,TBA,TBA
522,CEE499,5,TBA,TBA
523,CEG413,1,TBA,A 11:20 AM - 02:30 PM
524,CHE101,1,SB,ST 08:00 AM - 09:30 AM
525,CHE101,2,SB,ST 09:40 AM - 11:10 AM
526,CHE101,3,ACh,ST 11:20 AM - 12:50 PM
527,CHE101,4,ZaF,ST 01:00 PM - 02:30 PM
528,CHE101,5,AIq,ST 01:00 PM - 02:30 PM
529,CHE101,6,ZaF,ST 02:40 PM - 04:10 PM
530,CHE101,7,ACh,ST 02:40 PM - 04:10 PM
531,CHE101,8,MMR3,ST 04:20 PM - 05:50 PM
532,CHE101,9,ACh,MW 08:00 AM - 09:30 AM
533,CHE101,10,MKr,MW 08:00 AM - 09:30 AM
534,CHE101,11,SB,MW 08:00 AM - 09:30 AM
535,CHE101,12,MKr,MW 09:40 AM - 11:10 AM
536,CHE101,13,AIq,MW 11:20 AM - 12:50 PM
537,CHE101,14,MKr,MW 01:00 PM - 02:30 PM
538,CHE101,15,ZaF,MW 02:40 PM - 04:10 PM
539,CHE101,16,MMR3,MW 04:20 PM - 05:50 PM
540,CHE101,17,MMR3,RA 08:00 AM - 09:30 AM
541,CHE101,18,AcR,RA 09:40 AM - 11:10 AM
542,CHE101,19,SFA2,RA 11:20 AM - 12:50 PM
543,CHE101,20,AyS,RA 01:00 PM - 02:30 PM
544,CHE101,21,AcR,RA 01:00 PM - 02:30 PM
545,CHE101,22,Mtn2,RA 02:40 PM - 04:10 PM
546,CHE101,23,AyS,RA 02:40 PM - 04:10 PM
547,CHE101,24,Mtn2,RA 04:20 PM - 05:50 PM
548,CHE101,25,BKF,MW 09:40 AM - 11:10 AM
549,CHE101,26,MH1,MW 11:20 AM - 12:50 PM
550,CHE101L,1,MH1,M 09:40 AM - 12:50 PM
551,CHE101L,2,MH1,M 09:40 AM - 12:50 PM
552,CHE101L,3,MH1,M 09:40 AM - 12:50 PM
553,CHE101L,4,AcR,M 01:10 PM - 05:00 PM
554,CHE101L,5,AcR,M 01:10 PM - 05:00 PM
555,CHE101L,6,AcR,M 01:10 PM - 05:00 PM
556,CHE101L,7,MH1,T 09:40 AM - 12:50 PM
557,CHE101L,8,MH1,T 09:40 AM - 12:50 PM
558,CHE101L,9,MH1,T 09:40 AM - 12:50 PM
559,CHE101L,10,MH1,T 01:10 PM - 05:00 PM
560,CHE101L,11,MH1,T 01:10 PM - 05:00 PM
561,CHE101L,12,MH1,T 01:10 PM - 05:00 PM
562,CHE101L,13,AcR,W 09:40 AM - 12:50 PM
563,CHE101L,14,AcR,W 09:40 AM - 12:50 PM
564,CHE101L,15,AcR,W 09:40 AM - 12:50 PM
565,CHE101L,16,AcR,W 01:10 PM - 05:00 PM
566,CHE101L,17,AcR,W 01:10 PM - 05:00 PM
567,CHE101L,18,AcR,W 01:10 PM - 05:00 PM
568,CHE101L,19,AyS,R 09:40 AM - 12:50 PM
569,CHE101L,20,AyS,R 09:40 AM - 12:50 PM
570,CHE101L,21,AyS,R 09:40 AM - 12:50 PM
571,CHE120,1,SEQ,ST 09:40 AM - 11:10 AM
572,CHE120,2,SEQ,ST 11:20 AM - 12:50 PM
573,CHE202L,1,MSH3,RA 11:20 AM - 12:50 PM
574,CHE301,1,Cancelled,TBA
575,CHE301L,1,Cancelled,TBA
576,CHN101,1,Rbt,ST 02:40 PM - 04:10 PM
577,CHN101,2,Rbt,ST 04:20 PM - 05:50 PM
578,CHN101,3,Rbt,TBA
579,CHN101,4,Rbt,MW 04:20 PM - 05:50 PM
580,CHN101,5,WWZ,RA 01:00 PM - 02:30 PM
581,CHN201,1,WWZ,RA 02:40 PM - 04:10 PM
582,CSE115,1,RjP,ST 09:40 AM - 11:10 AM
583,CSE115,2,TmM,MW 11:20 AM - 12:50 PM
584,CSE115,3,AZI,ST 08:00 AM - 09:30 AM
585,CSE115,4,RSl,MW 02:40 PM - 04:10 PM
586,CSE115,5,Sam,ST 09:40 AM - 11:10 AM
587,CSE115,6,Sam,ST 11:20 AM - 12:50 PM
588,CSE115,7,Sam,ST 02:40 PM - 04:10 PM
589,CSE115,8,ARa2,MW 09:40 AM - 11:10 AM
590,CSE115,9,MEK,RA 08:00 AM - 09:30 AM
591,CSE115,10,MEK,MW 08:00 AM - 09:30 AM
592,CSE115,11,Mfs,ST 08:00 AM - 09:30 AM
593,CSE115,12,Mfs,ST 09:40 AM - 11:10 AM
594,CSE115,13,AKR,MW 09:40 AM - 11:10 AM
595,CSE115,14,AKR,MW 11:20 AM - 12:50 PM
596,CSE115,15,Srb,RA 08:00 AM - 09:30 AM
597,CSE115,16,Srb,RA 09:40 AM - 11:10 AM
598,CSE115,17,HSM,MW 01:00 PM - 02:30 PM
599,CSE115,18,Cancelled,ST 09:40 AM - 11:10 AM
600,CSE115L,1,RjP,ST 01:00 PM - 02:30 PM
601,CSE115L,2,TmM,MW 02:40 PM - 04:10 PM
602,CSE115L,3,AZI,ST 09:40 AM - 11:10 AM
603,CSE115L,4,RSl,ST 11:20 AM - 12:50 PM
604,CSE115L,5,Sam,ST 08:00 AM - 09:30 AM
605,CSE115L,6,Sam,ST 01:00 PM - 02:30 PM
606,CSE115L,7,Sam,MW 09:40 AM - 11:10 AM
607,CSE115L,8,ARa2,MW 11:20 AM - 12:50 PM
608,CSE115L,9,MEK,RA 11:20 AM - 12:50 PM
609,CSE115L,10,MEK,MW 11:20 AM - 12:50 PM
610,CSE115L,11,Mfs,ST 11:20 AM - 12:50 PM
611,CSE115L,12,Mfs,ST 01:00 PM - 02:30 PM
612,CSE115L,13,AKR,MW 01:00 PM - 02:30 PM
613,CSE115L,14,AKR,MW 02:40 PM - 04:10 PM
614,CSE115L,15,Srb,RA 11:20 AM - 12:50 PM
615,CSE115L,16,Srb,RA 01:00 PM - 02:30 PM
616,CSE115L,17,HSM,MW 04:20 PM - 05:50 PM
617,CSE115L,18,Cancelled,ST 11:20 AM - 12:50 PM
618,CSE173,1,RRn,ST 02:40 PM - 04:10 PM
619,CSE173,2,RRn,ST 04:20 PM - 05:50 PM
620,CSE173,3,SvA,ST 08:00 AM - 09:30 AM
621,CSE173,4,SvA,ST 09:40 AM - 11:10 AM
622,CSE173,5,MLE,MW 11:20 AM - 12:50 PM
623,CSE173,6,MLE,MW 01:00 PM - 02:30 PM
624,CSE173,7,AdF,ST 09:40 AM - 11:10 AM
625,CSE173,8,AZI,MW 08:00 AM - 09:30 AM
626,CSE173,9,ARa2,ST 01:00 PM - 02:30 PM
627,CSE173,10,ARa2,ST 02:40 PM - 04:10 PM
628,CSE173,11,AdF,ST 01:00 PM - 02:30 PM
629,CSE173,12,Dr Nabeel,ST 08:00 AM - 09:30 AM
630,CSE173,13,Dr Nabeel,ST 09:40 AM - 11:10 AM
631,CSE173,14,SfT,MW 08:00 AM - 09:30 AM
632,CSE173,15,SfT,MW 09:40 AM - 11:10 AM
633,CSE173,16,SfT,MW 01:00 PM - 02:30 PM
634,CSE215,1,RjP,MW 09:40 AM - 11:10 AM
635,CSE215,2,SvA,MW 09:40 AM - 11:10 AM
636,CSE215,3,AAM3,MW 11:20 AM - 12:50 PM
637,CSE215,4,CFA,ST 08:00 AM - 09:30 AM
638,CSE215,5,CFA,ST 09:40 AM - 11:10 AM
639,CSE215,6,Cancelled,MW 08:00 AM - 09:30 AM
640,CSE215,7,Cancelled,MW 11:20 AM - 12:50 PM
641,CSE215,8,Cancelled,MW 09:40 AM - 11:10 AM
642,CSE215,9,Cancelled,MW 11:20 AM - 12:50 PM
643,CSE215,10,BMH,ST 11:20 AM - 12:50 PM
644,CSE215,11,BMH,ST 01:00 PM - 02:30 PM
645,CSE215,12,Mtd,ST 09:40 AM - 11:10 AM
646,CSE215L,1,RjP,MW 01:00 PM - 02:30 PM
647,CSE215L,2,SvA,MW 11:20 AM - 12:50 PM
648,CSE215L,3,AAM3,ST 11:20 AM - 12:50 PM
649,CSE215L,4,CFA,ST 11:20 AM - 12:50 PM
650,CSE215L,5,CFA,ST 01:00 PM - 02:30 PM
651,CSE215L,6,Cancelled,MW 01:00 PM - 02:30 PM
652,CSE215L,7,Cancelled,MW 04:20 PM - 05:50 PM
653,CSE215L,8,Cancelled,MW 01:00 PM - 02:30 PM
654,CSE215L,9,Cancelled,MW 02:40 PM - 04:10 PM
655,CSE215L,10,BMH,ST 02:40 PM - 04:10 PM
656,CSE215L,11,BMH,ST 04:20 PM - 05:50 PM
657,CSE215L,12,Mtd,ST 11:20 AM - 12:50 PM
658,CSE225,1,IHa,MW 11:20 AM - 12:50 PM
659,CSE225,2,TmM,ST 11:20 AM - 12:50 PM
660,CSE225,3,TmM,ST 02:40 PM - 04:10 PM
661,CSE225,4,MAY,ST 08:00 AM - 09:30 AM
662,CSE225,5,MAY,ST 09:40 AM - 11:10 AM
663,CSE225,6,Dr Nabeel,MW 08:00 AM - 09:30 AM
664,CSE225,7,Dr Nabeel,MW 09:40 AM - 11:10 AM
665,CSE225,8,TBA,MW 09:40 AM - 11:10 AM
666,CSE225,9,TBA,MW 11:20 AM - 12:50 PM
667,CSE225L,1,IHa,MW 01:00 PM - 02:30 PM
668,CSE225L,2,TmM,ST 01:00 PM - 02:30 PM
669,CSE225L,3,TmM,ST 09:40 AM - 11:10 AM
670,CSE225L,4,MAY,ST 11:20 AM - 12:50 PM
671,CSE225L,5,MAY,ST 01:00 PM - 02:30 PM
672,CSE225L,6,Dr Nabeel,MW 01:00 PM - 02:30 PM
673,CSE225L,7,Dr Nabeel,MW 04:20 PM - 05:50 PM
674,CSE225L,8,TBA,MW 01:00 PM - 02:30 PM
675,CSE225L,9,TBA,MW 02:40 PM - 04:10 PM
676,CSE231,1,AMC,MW 08:00 AM - 09:30 AM
677,CSE231,2,Cancelled,MW 09:40 AM - 11:10 AM
678,CSE231,3,TnF,MW 11:20 AM - 12:50 PM
679,CSE231,4,KMM,MW 09:40 AM - 11:10 AM
680,CSE231,5,TnF,MW 01:00 PM - 02:30 PM
681,CSE231,6,HSM,ST 02:40 PM - 04:10 PM
682,CSE231,7,Cancelled,ST 01:00 PM - 02:30 PM
683,CSE231,8,Cancelled,ST 02:40 PM - 04:10 PM
684,CSE231L,1,AMC,M 11:20 AM - 02:30 PM
685,CSE231L,2,Cancelled,W 11:20 AM - 02:30 PM
686,CSE231L,3,TnF,M 08:00 AM - 11:10 AM
687,CSE231L,4,KMM,M 02:40 PM - 05:50 PM
688,CSE231L,5,TnF,W 02:40 PM - 05:50 PM
689,CSE231L,6,HSM,S 08:00 AM - 11:10 AM
690,CSE231L,7,Cancelled,S 08:00 AM - 11:10 AM
691,CSE231L,8,Cancelled,T 08:00 AM - 11:10 AM
692,CSE257/CSE417,1,WTB,ST 01:00 PM - 02:30 PM
693,CSE257L,1,WTB,R 02:40 PM - 05:50 PM
694,CSE273/CSE473,1,AZI,ST 01:00 PM - 02:30 PM
695,CSE273/CSE473,2,AZI,MW 01:00 PM - 02:30 PM
696,CSE273/CSE473,3,ARa2,ST 09:40 AM - 11:10 AM
697,CSE281,1,KAS,ST 09:40 AM - 11:10 AM
698,CSE299,1,Cancelled,S 09:40 AM - 11:10 AM
699,CSE299,2,AZI,W 02:40 PM - 04:10 PM
700,CSE299,3,MLE,M 02:40 PM - 04:10 PM
701,CSE299,4,AdF,M 02:40 PM - 04:10 PM
702,CSE299,5,Cancelled,W 02:40 PM - 04:10 PM
703,CSE299,6,TmM,R 11:20 AM - 12:50 AM
704,CSE311/ETE335,1,RRn,ST 11:20 AM - 12:50 PM
705,CSE311/ETE335,2,AAM3,MW 02:40 PM - 04:10 PM
706,CSE311/ETE335,3,AdF,MW 09:40 AM - 11:10 AM
707,CSE311/ETE335,4,AdF,MW 01:00 PM - 02:30 PM
708,CSE311/ETE335,5,KMb,MW 02:40 PM - 04:10 PM
709,CSE311/ETE335,6,KMb,MW 04:20 PM - 05:50 PM
710,CSE311L/ETE335L,1,RRn,M 08:00 AM - 11:10 AM
711,CSE311L/ETE335L,2,AAM3,T 11:20 AM - 02:30 PM
712,CSE311L/ETE335L,3,AdF,S 02:40 PM - 05:50 PM
713,CSE311L/ETE335L,4,AdF,W 02:40 PM - 05:50 PM
714,CSE311L/ETE335L,5,KMb,M 08:00 AM - 11:10 AM
715,CSE311L/ETE335L,6,KMb,R 11:20 AM - 02:30 PM
716,CSE323,1,NvA,ST 09:40 AM - 11:10 AM
717,CSE323,2,NvA,ST 11:20 AM - 12:50 PM
718,CSE323,3,NvA,MW 09:40 AM - 11:10 AM
719,CSE326,1,RjP,MW 11:20 AM - 12:50 PM
720,CSE326,2,Dr Ezharul,MW 04:20 PM - 05:50 PM
721,CSE327,1,AAM3,MW 09:40 AM - 11:10 AM
722,CSE327,2,AAM3,MW 04:20 PM - 05:50 PM
723,CSE327,3,Mtd,ST 02:40 PM - 04:10 PM
724,CSE331/EEE332/ETE332,1,TnR,MW 09:40 AM - 11:10 AM
725,CSE331/EEE332/ETE332,2,TnR,MW 11:20 AM - 12:50 PM
726,CSE331/EEE332/ETE332,3,Aht,RA 08:00 AM - 09:30 AM
727,CSE331/EEE332/ETE332,4,Aht,RA 09:40 AM - 11:10 AM
728,CSE331/EEE332/ETE332,5,Aht,RA 11:20 AM - 12:50 PM
729,CSE331L/EEE332L/ETE332L,1,TnR,M 02:40 PM - 05:50 PM
730,CSE331L/EEE332L/ETE332L,2,TnR,W 02:40 PM - 05:50 PM
731,CSE331L/EEE332L/ETE332L,3,Aht,W 02:40 PM - 05:50 PM
732,CSE331L/EEE332L/ETE332L,4,Aht,R 02:40 PM - 05:50 PM
733,CSE331L/EEE332L/ETE332L,5,Aht,M 11:20 AM - 02:30 PM
734,CSE332/EEE336,1,TnF,ST 09:40 AM - 11:10 AM
735,CSE332/EEE336,2,TnR,ST 09:40 AM - 11:10 AM
736,CSE332/EEE336,3,TnR,ST 11:20 AM - 12:50 PM
737,CSE332/EEE336,4,Sfm,RA 02:40 PM - 04:10 PM
738,CSE332/EEE336,5,Sfm,RA 04:20 PM - 05:50 PM
739,CSE332/EEE336,6,TnF,ST 01:00 PM - 02:30 PM
740,CSE332L/EEE336L,1,TnF,W 08:00 AM - 11:10 AM
741,CSE332L/EEE336L,2,TnR,S 02:40 PM - 05:50 PM
742,CSE332L/EEE336L,3,TnR,T 02:40 PM - 05:50 PM
743,CSE332L/EEE336L,4,Sfm,M 02:40 PM - 05:50 PM
744,CSE332L/EEE336L,5,Sfm,W 08:00 AM - 11:10 AM
745,CSE332L/EEE336L,6,TnF,R 08:00 AM - 11:10 AM
746,CSE338,1,RjP,ST 11:20 AM - 12:50 PM
747,CSE338,2,TnF,ST 08:00 AM - 09:30 AM
748,CSE338,3,MLE,ST 01:00 PM - 02:30 PM
749,CSE338L,1,RjP,M 02:40 PM - 05:50 PM
750,CSE338L,2,TnF,T 02:40 PM - 05:50 PM
751,CSE338L,3,MLE,S 02:40 PM - 05:50 PM
752,CSE373,1,IHa,ST 09:40 AM - 11:10 AM
753,CSE373,2,IHa,ST 11:20 AM - 12:50 PM
754,CSE373,3,MLE,ST 11:20 AM - 12:50 PM
755,CSE410,1,RKZ,MW 04:20 PM - 05:50 PM
756,CSE413/EEE413/ETE419,1,IqR,MW 09:40 AM - 11:10 AM
757,CSE413L/EEE413L/ETE419L,1,IqR,T 02:40 PM - 05:50 PM
758,CSE435/EEE411/ETE412,1,IqR,ST 09:40 AM - 11:10 AM
759,CSE435/EEE411/ETE412,2,IqR,ST 11:20 AM - 12:50 PM
760,CSE435/EEE411/ETE412,3,HUZ,MW 09:40 AM - 11:10 AM
761,CSE435L/EEE411L/ETE412L,1,IqR,R 11:20 AM - 02:30 PM
762,CSE435L/EEE411L/ETE412L,2,IqR,R 02:40 PM - 05:50 PM
763,CSE435L/EEE411L/ETE412L,3,HUZ,M 02:40 PM - 05:50 PM
764,CSE440/EEE333/ETE333,1,MEK,RA 09:40 AM - 11:10 AM
765,CSE445,1,SvA,ST 02:40 PM - 04:10 PM
766,CSE465,1,MEK,ST 08:00 AM - 09:30 AM
767,CSE467/ETE473,1,IHa,MW 09:40 AM - 11:10 AM
768,CSE470/CSE573,1,RRn,M 07:00 PM - 10:10 PM
769,CSE482/ETE334,2,Zunayeed,ST 01:00 PM - 02:30 PM
770,CSE482L/ETE334L,1,Szz,T 02:40 PM - 05:50 PM
771,CSE482L/ETE334L,2,zunayeed,R 08:00 AM - 11:00 AM
772,CSE492/CSE545/ETE424/ETE503,1,Mtn,M 07:00 PM - 10:10 PM
773,CSE499A/EEE499A/ETE499A,1,Cancelled,T 11:20 AM - 02:30 PM
774,CSE499A/EEE499A/ETE499A,2,RRn,M 02:40 PM - 05:50 PM
775,CSE499A/EEE499A/ETE499A,3,HUZ,T 02:40 PM - 05:50 PM
776,CSE499A/EEE499A/ETE499A,4,KAS,S 11:20 AM - 02:30 PM
777,CSE499A/EEE499A/ETE499A,5,TnR,R 11:20 AM - 02:30 PM
778,CSE499A/EEE499A/ETE499A,6,Cancelled,M 11:20 AM - 02:30 PM
779,CSE499A/EEE499A/ETE499A,7,Mdy,W 02:40 PM - 05:50 PM
780,CSE499A/EEE499A/ETE499A,8,IMR,M 08:00 AM - 11:10 AM
781,CSE499B/EEE499B/ETE499B,1,IMR,W 08:00 AM - 11:10 AM
782,CSE499B/EEE499B/ETE499B,2,KMM,R 08:00 AM - 11:10 AM
783,CSE499B/EEE499B/ETE499B,3,RSl,R 02:40 PM - 05:50 PM
784,CSE499B/EEE499B/ETE499B,4,Mdy,S 08:00 AM - 11:10 AM
785,CSE544,1,RkZ,T 07:00 PM - 10:10 PM
786,CSE596/EEE596/ETE596,1,NvA,W 07:00 PM - 10:10 PM
787,CSE597/EEE597/ETE597,1,HUZ,M 06:00 PM - 09:10 PM
788,CSE497/CSE598/ETE400,1,Szz,M 07:00 PM - 10:10 PM
789,DEV502,1,Bsq,T 07:00 PM - 10:10 PM
790,DEV503,1,SBn,M 07:00 PM - 10:10 PM
791,DEV563,1,SME,S 07:00 PM - 10:10 PM
792,DEV565,1,BTq,RA 09:40 AM - 11:10 AM
793,DEV565,2,BTq,RA 11:20 AM - 12:50 PM
794,DEV567,1,Muf,W 07:00 PM - 10:10 PM
795,DEV569,1,NrA,F 03:00 PM - 06:30 PM
796,DEV595,1,MIH,TBA
797,DEV595,2,AtR,TBA
798,DEV595,3,AAR,TBA
799,DEV595,4,Muf,TBA
800,DEV595,5,SBm,TBA
801,DEV595,6,ATn,TBA
802,DEV595,7,SBn,TBA
803,DEV595,8,SME,TBA
804,DEV595,9,AMi,TBA
805,DEV595,10,BTq,TBA
806,DEV595,11,NrA,TBA
807,DEV595,12,Bsq,TBA
808,DEV595,13,TBA,TBA
809,DEV596,1,MIH,TBA
810,DEV596,2,AtR,TBA
811,DEV596,3,AAR,TBA
812,DEV596,4,Muf,TBA
813,DEV596,5,SBm,TBA
814,DEV596,6,ATn,TBA
815,DEV596,7,BTq,TBA
816,DEV596,8,Bsq,TBA
817,DEV596,9,AMi,TBA
818,DEV596,10,NrA,TBA
819,DEV596,11,TBA,TBA
820,ECO101,1,NMh,MW 01:00 PM - 02:30 PM
821,ECO101,2,KdM,ST 02:40 PM - 04:10 PM
822,ECO101,3,KdM,ST 04:20 PM - 05:50 PM
823,ECO101,4,SBn,MW 08:00 AM - 09:30 AM
824,ECO101,5,PSk,MW 02:40 PM - 04:10 PM
825,ECO101,6,Stq,ST 04:20 PM - 05:50 PM
826,ECO101,7,ACd,ST 04:20 PM - 05:50 PM
827,ECO101,8,SME,RA 01:00 PM - 02:30 PM
828,ECO101,9,Mzq,ST 11:20 AM - 12:50 PM
829,ECO101,10,Muf,ST 01:00 PM - 02:30 PM
830,ECO101,11,Abt,RA 08:00 AM - 09:30 AM
831,ECO101,12,RsA,MW 01:00 PM - 02:30 PM
832,ECO101,13,BTq,MW 11:20 AM - 12:50 PM
833,ECO101,14,Zas,MW 11:20 AM - 12:50 PM
834,ECO101,15,AMM2,RA 01:00 PM - 02:30 PM
835,ECO101,16,Stq,ST 01:00 PM - 02:30 PM
836,ECO101,17,Mzq,ST 08:00 AM - 09:30 AM
837,ECO101,18,Akt,RA 01:00 PM - 02:30 PM
838,ECO101,19,Nvn,ST 04:20 PM - 05:50 PM
839,ECO101,20,Akt,ST 02:40 PM - 04:10 PM
840,ECO101,21,AMM2,RA 02:40 PM - 04:10 PM
841,ECO101,22,Muf,ST 09:40 AM - 11:10 AM
842,ECO101,23,StF,RA 08:00 AM - 09:30 AM
843,ECO101,24,Niq,ST 11:20 AM - 12:50 PM
844,ECO101,25,FTs,MW 08:00 AM - 09:30 AM
845,ECO101,26,Zas,MW 08:00 AM - 09:30 AM
846,ECO101,27,SnS,RA 08:00 AM - 09:30 AM
847,ECO101,28,SnS,RA 09:40 AM - 11:10 AM
848,ECO101,29,SME,ST 08:00 AM - 09:30 AM
849,ECO101,30,Nbz,RA 08:00 AM - 09:30 AM
850,ECO101,31,Nbz,RA 09:40 AM - 11:10 AM
851,ECO101,32,SMA2,RA 08:00 AM - 09:30 AM
852,ECO101,33,SMA2,RA 09:40 AM - 11:10 AM
853,ECO101,34,MnA2,RA 09:40 AM - 11:10 AM
854,ECO101,35,Nnm,RA 01:00 PM - 02:30 PM
855,ECO101,36,REA,MW 01:00 PM - 02:30 PM
856,ECO101,37,Niq,ST 02:40 PM - 04:10 PM
857,ECO101,38,Cancelled,ST 04:20 PM - 05:50 PM
858,ECO101,39,Niq,RA 11:20 AM - 12:50 PM
859,ECO101,40,Cancelled,RA 01:00 PM - 02:30 PM
860,ECO103,1,RBr,ST 11:20 AM - 12:50 PM
861,ECO103,2,RBr,MW 08:00 AM - 09:30 AM
862,ECO104,1,MCw,ST 11:20 AM - 12:50 PM
863,ECO104,2,Iqb,MW 02:40 PM - 04:10 PM
864,ECO104,3,Stq,MW 08:00 AM - 09:30 AM
865,ECO104,4,stq,MW 11:20 AM - 12:50 PM
866,ECO104,5,RsA,MW 11:20 AM - 12:50 PM
867,ECO104,6,AMi,RA 02:40 PM - 04:10 PM
868,ECO104,7,Iqb,ST 08:00 AM - 09:30 AM
869,ECO104,8,Mzq,MW 02:40 PM - 04:10 PM
870,ECO104,9,Nnm,MW 02:40 PM - 04:10 PM
871,ECO104,10,Nnm,MW 01:00 PM - 02:30 PM
872,ECO104,11,Mzq,MW 04:20 PM - 05:50 PM
873,ECO104,12,Iqb,ST 11:20 AM - 12:50 PM
874,ECO104,13,ACd,MW 09:40 AM - 11:10 AM
875,ECO104,14,StF,RA 11:20 AM - 12:50 PM
876,ECO104,16,AMM2,ST 02:40 PM - 04:10 PM
877,ECO104,17,FTs,MW 09:40 AM - 11:10 AM
878,ECO104,18,MCw,MW 11:20 AM - 12:50 PM
879,ECO104,19,MCw,ST 08:00 AM - 09:30 AM
880,ECO104,20,MnA2,RA 08:00 AM - 09:30 AM
881,ECO104,21,AKP,ST 11:20 AM - 12:50 PM
882,ECO104,22,AKP,ST 01:00 PM - 02:30 PM
883,ECO104,23,Akt,RA 08:00 AM - 09:30 AM
884,ECO104,24,PSk,RA 11:20 AM - 12:50 PM
885,ECO134,1,HQ,ST 09:40 AM - 11:10 AM
886,ECO134,2,RsA,ST 02:40 PM - 04:10 PM
887,ECO134,3,ACd,ST 02:40 PM - 04:10 PM
888,ECO134,4,AMM2,ST 04:20 PM - 05:50 PM
889,ECO134,5,AKt,ST 04:20 PM - 05:50 PM
890,ECO134,6,RsA,ST 04:20 PM - 05:50 PM
891,ECO134,7,MjL,MW 01:00 PM - 02:30 PM
892,ECO134,8,MjL,MW 04:20 PM - 05:50 PM
893,ECO134,9,CNq,MW 04:20 PM - 05:50 PM
894,ECO134,10,Nnm,RA 08:00 AM - 09:30 AM
895,ECO134,11,Sfd,RA 09:40 AM - 11:10 AM
896,ECO134,12,INz,RA 09:40 AM - 11:10 AM
897,ECO134,13,HQ,RA 11:20 AM - 12:50 PM
898,ECO134,14,Fzn,RA 11:20 AM - 12:50 PM
899,ECO134,15,Sfd,RA 01:00 PM - 02:30 PM
900,ECO134,16,INz,RA 01:00 PM - 02:30 PM
901,ECO134,17,Nfs,ST 02:40 PM - 04:10 PM
902,ECO134,18,AHn,RA 08:00 AM - 09:30 AM
903,ECO134,19,Abt,ST 08:00 AM - 09:30 AM
904,ECO134,20,Niq,RA 01:00 PM - 02:30 PM
905,ECO134,21,Nvn,MW 04:20 PM - 05:50 PM
906,ECO134,22,Fzn,MW 08:00 AM - 09:30 AM
907,ECO172,1,Fzn,RA 01:00 PM - 02:30 PM
908,ECO173,1,Nvn,MW 01:00 PM - 02:30 PM
909,ECO201,1,REA,MW 09:40 AM - 11:10 AM
910,ECO204,1,ATn,ST 09:40 AM - 11:10 AM
911,ECO204,2,MCw,MW 02:40 PM - 04:10 PM
912,ECO244,1,CNq,ST 01:00 PM - 02:30 PM
913,ECO244,2,CNq,ST 09:40 AM - 11:10 AM
914,ECO244,3,AHn,RA 09:40 AM - 11:10 AM
915,ECO244,4,Abt,ST 09:40 AM - 11:10 AM
916,ECO244,5,Abt,ST 08:00 AM - 09:30 AM
917,ECO260,1,AAR,ST 11:20 AM - 12:50 PM
918,ECO303,1,MIH,MW 11:20 AM - 12:50 PM
919,ECO304,1,Cancelled,MW 01:00 PM - 02:30 PM
920,ECO309,1,SBm,ST 09:40 AM - 11:10 AM
921,ECO317,1,Iqb,MW 09:40 AM - 11:10 AM
922,ECO328,1,REA,RA 02:40 PM - 04:10 PM
923,ECO341,1,SBm,ST 01:00 PM - 02:30 PM
924,ECO349,1,Muf,MW 09:40 AM - 11:10 AM
925,ECO350,1,BTq,MW 08:00 AM - 09:30 AM
926,ECO372,1,SME,ST 02:40 PM - 04:10 PM
927,ECO430,1,ATn,ST 11:20 AM - 12:50 PM
928,ECO450,1,AtR,MW 02:40 PM - 04:10 PM
929,ECO450,2,AtR,MW 01:00 PM - 02:30 PM
930,ECO455,1,AAR,ST 09:40 AM - 11:10 AM
931,ECO460,1,AAR,RA 09:40 AM - 11:10 AM
932,ECO475,1,NMh,MW 08:00 AM - 09:30 AM
933,ECO486,1,SBn,MW 11:20 AM - 12:50 PM
934,ECO495,1,MIH,TBA
935,ECO495,2,AtR,TBA
936,ECO495,3,AAR,TBA
937,ECO495,4,Muf,TBA
938,ECO495,5,SBm,TBA
939,ECO495,6,ATn,TBA
940,ECO495,7,Zas,TBA
941,ECO495,8,AKP,TBA
942,ECO495,9,SBn,TBA
943,ECO495,10,BTq,TBA
944,ECO495,11,MCw,TBA
945,ECO495,12,SME,TBA
946,ECO495,13,REA,TBA
947,ECO495,14,TBA,TBA
948,ECO496,1,MIH,TBA
949,ECO496,2,AtR,TBA
950,ECO496,3,AAR,TBA
951,ECO496,4,Muf,TBA
952,ECO496,5,SBm,TBA
953,ECO496,6,ATn,TBA
954,ECO496,7,Zas,TBA
955,ECO496,8,AKP,TBA
956,ECO496,9,SBn,TBA
957,ECO496,10,BTq,TBA
958,ECO496,11,MCw,TBA
959,ECO496,12,SME,TBA
960,ECO496,13,REA,TBA
961,ECO496,14,TBA,TBA
962,ECO499,1,MIH,TBA
963,ECO499,2,AtR,TBA
964,ECO499,3,AAR,TBA
965,ECO499,4,Muf,TBA
966,ECO499,5,SBm,TBA
967,ECO499,6,ATn,TBA
968,ECO499,7,Zas,TBA
969,ECO499,8,AKP,TBA
970,ECO499,9,SBn,TBA
971,ECO499,10,TBA,TBA
972,ECO501,1,AtR,RA 02:40 PM - 04:10 PM
973,ECO501,2,AtR,RA 04:20 PM - 05:50 PM
974,ECO503,1,Zas,W 07:00 PM - 10:10 PM
975,ECO511,1,SBn,T 07:00 PM - 10:10 PM
976,ECO611,1,REA,R 07:00 PM - 10:10 PM
977,ECO631,1,BTq,F 09:00 AM - 12:30 PM
978,ECO652,1,Zas,T 07:00 PM - 10:10 PM
979,ECO682,1,AMi,A 07:00 PM - 10:10 PM
980,ECO683,1,MIH,M 07:00 PM - 10:10 PM
981,ECO695,1,MIH,TBA
982,ECO695,2,AtR,TBA
983,ECO695,3,AAR,TBA
984,ECO695,4,Muf,TBA
985,ECO695,5,SBm,TBA
986,ECO695,6,ATn,TBA
987,ECO695,7,Zas,TBA
988,ECO695,8,AKP,TBA
989,ECO695,9,MCw,TBA
990,ECO695,10,SME,TBA
991,ECO695,11,REA,TBA
992,ECO695,12,TBA,TBA
993,ECO699,1,MIH,TBA
994,ECO699,2,AtR,TBA
995,ECO699,3,AAR,TBA
996,ECO699,4,SBm,TBA
997,ECO699,5,ATn,TBA
998,ECO699,6,Zas,TBA
999,ECO699,7,AKP,TBA
1000,ECO699,8,SBn,TBA
1001,ECO699,9,TBA,TBA
1002,EEE154,1,DRS,S 04:20 PM - 05:50 PM
1003,EEE154,2,DRS,M 04:20 PM - 05:50 PM
1004,EEE154,3,DRS,T 02:40 PM - 04:10 PM
1005,EEE154,4,DRS,W 02:40 PM - 04:10 PM
1006,EEE154,5,DRS,R 02:40 PM - 04:10 PM
1007,EEE154,6,DRS,A 11:20 AM - 12:50 PM
1008,EEE154,7,MnS1,A 09:40 AM - 11:10 AM
1009,EEE154,8,MnS1,A 11:20 AM - 12:50 PM
1010,EEE154,9,Brn,R 09:40 AM - 11:10 AM
1011,EEE154,10,Brn,R 11:20 AM - 12:50 AM
1012,EEE232,1,WTB,MW 02:40 PM - 04:10 PM
1013,EEE232L,1,WTB,W 08:00 AM - 11:10 AM
1014,EEE254,1,AyH,RA 08:00 AM - 09:30 AM
1015,EEE254,2,AyH,RA 09:40 AM - 11:10 AM
1016,EEE280,1,WTB,MW 01:00 PM - 02:30 PM
1017,EEE362,1,Cancelled,RA 09:40 AM - 11:10 AM
1018,EEE362,2,IMR,RA 11:20 AM - 12:50 PM
1019,EEE362,3,IMR,ST 01:00 PM - 02:30 PM
1020,EEE362L,1,Cancelled,S 11:20 AM - 02:30 PM
1021,EEE362L,2,IMR,T 11:20 AM - 02:30 PM
1022,EEE362L,3,IMR,T 08:00 AM - 11:10 AM
1023,EEE363,1,Aqu,ST 09:40 AM - 11:10 AM
1024,EEE363,2,Aqu,ST 11:20 AM - 12:50 PM
1025,EEE363,3,Cancelled,RA 02:40 PM - 04:10 PM
1026,EEE363L,1,Aqu,S 02:40 PM - 05:50 PM
1027,EEE363L,2,Aqu,M 02:40 PM - 05:50 PM
1028,EEE363L,3,Cancelled,M 11:20 AM - 02:30 PM
1029,EEE421/EEE520,1,Dr Hafiz,R 06:00 PM - 09:10 PM
1030,EEE452,1,RkZ,ST 02:40 PM - 04:10 PM
1031,EEE452,2,RkZ,MW 02:40 PM - 04:10 PM
1032,EEE452,3,RkZ,ST 04:20 PM - 05:50 PM
1033,EEE462,1,KMU,RA 04:20 PM - 05:50 PM
1034,EEE462,2,Dr Mahbubu,RA 09:40 AM - 11:10 AM
1035,EEE464/EEE554,1,Snd,F 09:00 AM - 12:30 PM
1036,EEE465,1,NSv,MW 02:40 PM - 04:10 PM
1037,EEE465,2,Dr Mahbubu,RA 02:40 PM - 04:10 PM
1038,EEE400/EEE523,1,Cancelled,W 07:00 PM - 10:10 PM
1039,EEE534,1,Mtn,M 07:00 PM - 10:10 PM
1040,EEE494/EEE540/ETE461,1,KMM,S 07:00 PM - 10:10 PM
1041,EEE543,1,AMC,W 07:00 PM - 10:10 PM
1042,EEE552,1,EnB,A 06:00 PM - 09:00 PM
1043,EEE600,1,TBA,TBA
1044,BUS500/EMB500,1,KtL,S 07:00 PM - 10:10 PM
1045,BUS500/EMB500,2,Awd,R 07:00 PM - 10:10 PM
1046,BUS500/EMB500,3,IAD,A 03:00 PM - 06:30 PM
1047,EMB501,1,SdI,R 07:00 PM - 10:10 PM
1048,EMB502,1,KJZ,F 09:00 AM - 12:30 PM
1049,EMB510,1,Rkb,A 07:00 PM - 10:10 PM
1050,EMB520,1,Miz,F 07:00 PM - 10:10 PM
1051,EMB601,1,Awd,F 09:00 AM - 12:30 PM
1052,EMB602,1,KjS,R 07:00 PM - 10:10 PM
1053,EMB620,1,Miz,A 07:00 PM - 10:10 PM
1054,EMB650,1,Hsi,F 09:00 AM - 12:30 PM
1055,EMB660,1,SfN1,A 07:00 PM - 10:10 PM
1056,EMB670,1,KJZ,R 07:00 PM - 10:10 PM
1057,EMB690,1,MdS,A 07:00 PM - 10:10 PM
1058,EMPH605,1,TBA,TBA
1059,EMPH611,1,MhH,F 03:00 PM - 06:00 PM
1060,EMPH631,1,TBA,F 07:30 AM - 10:30 AM
1061,EMPH653,1,NAj,F 07:30 AM - 10:30 AM
1062,EMPH671,1,KLn,F 07:30 AM - 10:30 AM
1063,EMPH672,1,THA,F 10:35 AM - 01:20 PM
1064,EMPH678,1,TBA,F 06:10 PM - 09:00 PM
1065,EMPH681,1,ABy,F 10:35 AM - 01:20 PM
1066,EMPH704,1,TBA,F 03:00 PM - 06:00 PM
1067,EMPH706,1,AQy,F 10:35 AM - 01:20 PM
1068,EMPH711,1,AH1,F 10:35 AM - 01:20 PM
1069,EMPH712,1,TBA,F 10:35 AM - 01:20 PM
1070,EMPH734,1,AQy,F 03:00 PM - 06:00 PM
1071,EMPH742,1,MTI,F 06:10 PM - 09:00 PM
1072,EMPH771,1,SzP,F 03:00 PM - 06:00 PM
1073,EMPH781,1,DHH,F 07:30 AM - 10:30 AM
1074,EMPH782,1,MIs,F 03:00 PM - 06:00 PM
1075,EMPH805,1,TBA,TBA
1076,EMPH806,1,TBA,TBA
1077,EMPH842,1,HtN,F 03:00 PM - 06:00 PM
1078,ENG102,1,HSh,ST 08:00 AM - 09:30 AM
1079,ENG102,2,NvI,ST 08:00 AM - 09:30 AM
1080,ENG102,3,TRn,ST 08:00 AM - 09:30 AM
1081,ENG102,4,Sye,ST 08:00 AM - 09:30 AM
1082,ENG102,5,RNS,ST 09:40 AM - 11:10 AM
1083,ENG102,6,Slq,ST 11:20 AM - 12:50 PM
1084,ENG102,7,RNS,ST 01:00 PM - 02:30 PM
1085,ENG102,8,TRn,ST 01:00 PM - 02:30 PM
1086,ENG102,9,NvI,ST 02:40 PM - 04:10 PM
1087,ENG102,10,KSS,RA 08:00 AM - 09:30 AM
1088,ENG102,11,KSS,RA 11:20 AM - 12:50 PM
1089,ENG102,12,TBA,ST 04:20 PM - 05:50 PM
1090,ENG102,13,Cancelled,RA 04:20 PM - 05:50 PM
1091,ENG102,14,Cancelled,RA 09:40 AM - 11:10 AM
1092,ENG102,15,Cancelled,RA 09:40 AM - 11:10 AM
1093,ENG102,16,TBz,MW 09:40 AM - 11:10 AM
1094,ENG102,17,SZn,MW 11:20 AM - 12:50 PM
1095,ENG102,18,SZn,MW 01:00 PM - 02:30 PM
1096,ENG102,19,SZn,MW 02:40 PM - 04:10 PM
1097,ENG102,20,Cancelled,RA 11:20 AM - 12:50 PM
1098,ENG102,21,Slq,MW 04:20 PM - 05:50 PM
1099,ENG102,22,Cancelled,RA 11:20 AM - 12:50 PM
1100,ENG102,23,Cancelled,RA 09:40 AM - 11:10 AM
1101,ENG102,24,Cancelled,RA 01:00 PM - 02:30 PM
1102,ENG102,25,Cancelled,RA 02:40 PM - 04:10 PM
1103,ENG102,26,KSS,RA 09:40 AM - 11:10 AM
1104,ENG102,27,RMS,RA 09:40 AM - 11:10 AM
1105,ENG102,28,Cancelled,RA 02:40 PM - 04:10 PM
1106,ENG102,29,Cancelled,RA 02:40 PM - 04:10 PM
1107,ENG102,30,DBs,RA 09:40 AM - 11:10 AM
1108,ENG102,31,Sye,RA 11:20 AM - 12:50 PM
1109,ENG102,32,Cancelled,RA 11:20 AM - 12:50 PM
1110,ENG102,33,FZm,RA 11:20 AM - 12:50 PM
1111,ENG102,34,Cancelled,RA 11:20 AM - 12:50 PM
1112,ENG102,35,Cancelled,RA 01:00 PM - 02:30 PM
1113,ENG102,36,SHs2,RA 01:00 PM - 02:30 PM
1114,ENG102,37,Cancelled,RA 02:40 PM - 04:10 PM
1115,ENG102,38,Cancelled,RA 04:20 PM - 05:50 PM
1116,ENG102,39,Cancelled,RA 01:00 PM - 02:30 PM
1117,ENG102,40,RMz,RA 02:40 PM - 04:10 PM
1118,ENG103,1,Szi,ST 08:00 AM - 09:30 AM
1119,ENG103,2,NSj,ST 08:00 AM - 09:30 AM
1120,ENG103,3,AtB,ST 08:00 AM - 09:30 AM
1121,ENG103,4,Kra,RA 08:00 AM - 09:30 AM
1122,ENG103,5,NnR,ST 09:40 AM - 11:10 AM
1123,ENG103,6,MNK,ST 09:40 AM - 11:10 AM
1124,ENG103,7,Szi,ST 09:40 AM - 11:10 AM
1125,ENG103,8,NSj,ST 09:40 AM - 11:10 AM
1126,ENG103,9,KME,ST 11:20 AM - 12:50 PM
1127,ENG103,10,NnR,ST 11:20 AM - 12:50 PM
1128,ENG103,11,NM,ST 11:20 AM - 12:50 PM
1129,ENG103,12,SAn,ST 11:20 AM - 12:50 PM
1130,ENG103,13,MNK,ST 11:20 AM - 12:50 PM
1131,ENG103,14,SAn,ST 01:00 PM - 02:30 PM
1132,ENG103,15,Sye,ST 01:00 PM - 02:30 PM
1133,ENG103,16,MSz2,ST 02:40 PM - 04:10 PM
1134,ENG103,17,AtB,ST 02:40 PM - 04:10 PM
1135,ENG103,18,Sye,ST 02:40 PM - 04:10 PM
1136,ENG103,19,Nar,ST 04:20 PM - 05:50 PM
1137,ENG103,20,SSA2,ST 04:20 PM - 05:50 PM
1138,ENG103,21,NPn,MW 08:00 AM - 09:30 AM
1139,ENG103,22,AtB,MW 08:00 AM - 09:30 AM
1140,ENG103,23,TBA,MW 08:00 AM - 09:30 AM
1141,ENG103,24,SHq,MW 09:40 AM - 11:10 AM
1142,ENG103,25,KME,MW 11:20 AM - 12:50 PM
1143,ENG103,26,RNS,MW 11:20 AM - 12:50 PM
1144,ENG103,27,SPm,MW 11:20 AM - 12:50 PM
1145,ENG103,28,MHn,MW 01:00 PM - 02:30 PM
1146,ENG103,29,SHq,MW 01:00 PM - 02:30 PM
1147,ENG103,30,NM,MW 01:00 PM - 02:30 PM
1148,ENG103,31,TRn,MW 01:00 PM - 02:30 PM
1149,ENG103,32,SHq,MW 02:40 PM - 04:10 PM
1150,ENG103,33,MSz2,MW 02:40 PM - 04:10 PM
1151,ENG103,34,SPm,MW 02:40 PM - 04:10 PM
1152,ENG103,35,MHn,MW 02:40 PM - 04:10 PM
1153,ENG103,36,RNS,MW 02:40 PM - 04:10 PM
1154,ENG103,37,Lna,MW 04:20 PM - 05:50 PM
1155,ENG103,38,Nar,MW 04:20 PM - 05:50 PM
1156,ENG103,39,NvI,RA 08:00 AM - 09:30 AM
1157,ENG103,40,Ssy,RA 09:40 AM - 11:10 AM
1158,ENG103,41,SuT,RA 09:40 AM - 11:10 AM
1159,ENG103,42,SuT,RA 11:20 AM - 12:50 PM
1160,ENG103,43,NvI,RA 01:00 PM - 02:30 PM
1161,ENG103,44,Ssy,RA 11:20 AM - 12:50 PM
1162,ENG103,45,SSA2,RA 01:00 PM - 02:30 PM
1163,ENG103,46,TRn,RA 02:40 PM - 04:10 PM
1164,ENG103,47,FzM,RA 02:40 PM - 04:10 PM
1165,ENG103,48,SuT,RA 02:40 PM - 04:10 PM
1166,ENG103,49,FzM,RA 04:20 PM - 05:50 PM
1167,ENG103,50,SZn,RA 04:20 PM - 05:50 PM
1168,ENG103,51,TBz,MW 08:00 AM - 09:30 AM
1169,ENG103,52,MkF,ST 04:20 PM - 05:50 PM
1170,ENG103,53,SNM,MW 08:00 AM - 09:30 AM
1171,ENG103,54,Sum,MW 08:00 AM - 09:30 AM
1172,ENG103,55,FzM,MW 02:40 PM - 04:10 PM
1173,ENG103,56,Sum,MW 04:20 PM - 05:50 PM
1174,ENG103,57,RMS,RA 08:00 AM - 09:30 AM
1175,ENG103,58,Cancelled,RA 08:00 AM - 09:30 AM
1176,ENG103,59,FHs,RA 08:00 AM - 09:30 AM
1177,ENG103,60,NM,RA 09:40 AM - 11:10 AM
1178,ENG103,61,Kra,RA 09:40 AM - 11:10 AM
1179,ENG103,62,SHs2,RA 11:20 AM - 12:50 PM
1180,ENG103,63,DBs,RA 11:20 AM - 12:50 PM
1181,ENG103,64,Cancelled,RA 11:20 AM - 12:50 PM
1182,ENG103,65,FHs,RA 11:20 AM - 12:50 PM
1183,ENG103,66,NPn,RA 01:00 PM - 02:30 PM
1184,ENG103,67,Cancelled,RA 04:20 PM - 05:50 PM
1185,ENG103,68,Cancelled,RA 09:40 AM - 11:10 AM
1186,ENG103,69,Cancelled,RA 09:40 AM - 11:10 AM
1187,ENG103,70,Cancelled,RA 11:20 AM - 12:50 PM
1188,ENG103,71,Cancelled,RA 11:20 AM - 12:50 PM
1189,ENG103,72,Cancelled,RA 09:40 AM - 11:10 AM
1190,ENG103,73,Cancelled,RA 01:00 PM - 02:30 PM
1191,ENG103,74,SuT,RA 01:00 PM - 02:30 PM
1192,ENG103,75,Cancelled,RA 02:40 PM - 04:10 PM
1193,ENG103,76,Cancelled,RA 02:40 PM - 04:10 PM
1194,ENG103,77,Cancelled,RA 02:40 PM - 04:10 PM
1195,ENG105,1,SNM,ST 08:00 AM - 09:30 AM
1196,ENG105,2,HMe,ST 08:00 AM - 09:30 AM
1197,ENG105,3,Ndm,ST 08:00 AM - 09:30 AM
1198,ENG105,4,SNM,ST 09:40 AM - 11:10 AM
1199,ENG105,5,Ssy,ST 09:40 AM - 11:10 AM
1200,ENG105,6,SnH,ST 11:20 AM - 12:50 PM
1201,ENG105,7,RAh,ST 01:00 PM - 02:30 PM
1202,ENG105,8,HSh,ST 01:00 PM - 02:30 PM
1203,ENG105,9,Szi,MW 08:00 AM - 09:30 AM
1204,ENG105,10,NSj,MW 08:00 AM - 09:30 AM
1205,ENG105,11,HSh,MW 08:00 AM - 09:30 AM
1206,ENG105,12,HMe,MW 08:00 AM - 09:30 AM
1207,ENG105,13,RAZ,MW 08:00 AM - 09:30 AM
1208,ENG105,14,NnR,MW 09:40 AM - 11:10 AM
1209,ENG105,15,ShC,MW 09:40 AM - 11:10 AM
1210,ENG105,16,NSj,MW 09:40 AM - 11:10 AM
1211,ENG105,17,Sum,MW 11:20 AM - 12:50 PM
1212,ENG105,18,SnH,MW 01:00 PM - 02:30 PM
1213,ENG105,19,MkF,MW 01:00 PM - 02:30 PM
1214,ENG105,20,MNK,MW 01:00 PM - 02:30 PM
1215,ENG105,21,DF,MW 02:40 PM - 04:10 PM
1216,ENG105,22,NSB,MW 02:40 PM - 04:10 PM
1217,ENG105,23,AtB,MW 02:40 PM - 04:10 PM
1218,ENG105,24,RAZ,MW 04:20 PM - 05:50 PM
1219,ENG105,25,NPn,RA 08:00 AM - 09:30 AM
1220,ENG105,26,RMS,RA 08:00 AM - 09:30 AM
1221,ENG105,27,Syu,RA 08:00 AM - 09:30 AM
1222,ENG105,28,NPn,RA 09:40 AM - 11:10 AM
1223,ENG105,29,NkS,RA 09:40 AM - 11:10 AM
1224,ENG105,30,NkS,RA 11:20 AM - 12:50 PM
1225,ENG105,31,SSA2,RA 11:20 AM - 12:50 PM
1226,ENG105,32,Nar,RA 11:20 AM - 12:50 PM
1227,ENG105,33,RAZ,RA 01:00 PM - 02:30 PM
1228,ENG105,34,NSB,RA 02:40 PM - 04:10 PM
1229,ENG105,35,SSA2,RA 04:20 PM - 05:50 PM
1230,ENG105,36,MHn,RA 01:00 PM - 02:30 PM
1231,ENG105,37,FHs,RA 09:40 AM - 11:10 AM
1232,ENG105,38,ThM,RA 01:00 PM - 02:30 PM
1233,ENG105,39,ShC,ST 02:40 PM - 04:10 PM
1234,ENG105,40,KtL,ST 02:40 PM - 04:10 PM
1235,ENG105,41,Syu,RA 09:40 AM - 11:10 AM
1236,ENG105,42,Ssy,RA 01:00 PM - 02:30 PM
1237,ENG105,43,ThM,RA 02:40 PM - 04:10 PM
1238,ENG105,44,RMz,RA 01:00 PM - 02:30 PM
1239,ENG111,1,HMe,ST 09:40 AM - 11:10 AM
1240,ENG111,2,JBH,ST 02:40 PM - 04:10 PM
1241,ENG111,3,MNK,MW 11:20 AM - 12:50 PM
1242,ENG111,4,Slq,MW 01:00 PM - 02:30 PM
1243,ENG111,5,NkS,MW 09:40 AM - 11:10 AM
1244,ENG111,6,NkS,MW 11:20 AM - 12:50 PM
1245,ENG111,7,KtL,ST 01:00 PM - 02:30 PM
1246,ENG115,1,JBH,ST 11:20 AM - 12:50 PM
1247,ENG115,2,RAh,ST 09:40 AM - 11:10 AM
1248,ENG115,3,NM,ST 02:40 PM - 04:10 PM
1249,ENG115,4,SNM,MW 09:40 AM - 11:10 AM
1250,ENG115,5,NSB,MW 04:20 PM - 05:50 PM
1251,ENG115,6,Szi,MW 09:40 AM - 11:10 AM
1252,ENG201,1,TBA,TBA
1253,ENG202,1,ShC,ST 09:40 AM - 11:10 AM
1254,ENG205,1,NSB,RA 11:20 AM - 12:50 PM
1255,ENG208,1,TBA,MW 09:40 AM - 11:10 AM
1256,ENG210,1,SPm,ST 02:40 PM - 04:10 PM
1257,ENG216,1,RAh,MW 01:00 PM - 02:30 PM
1258,ENG219,1,SnH,MW 11:20 AM - 12:50 PM
1259,ENG220,1,HSh,MW 11:20 AM - 12:50 PM
1260,ENG222,1,NM,RA 01:00 PM - 02:30 PM
1261,ENG225,1,TBA,ST 01:00 PM - 02:30 PM
1262,ENG307,1,MkF,ST 11:20 AM - 12:50 PM
1263,ENG310,1,SHq,MW 11:20 AM - 12:50 PM
1264,ENG319,1,SPm,ST 01:00 PM - 02:30 PM
1265,ENG326,1,TBA,MW 02:40 PM - 04:10 PM
1266,ENG331,1,TBA,TBA
1267,ENG335,1,AQB,ST 11:20 AM - 12:50 PM
1268,ENG338,1,SnH,ST 11:20 AM - 12:50 PM
1269,ENG341,1,JBH,RA 01:00 PM - 02:30 PM
1270,ENG361,1,TBA,MW 09:40 AM - 11:10 AM
1271,ENG401,1,ASm,RA 02:40 PM - 04:10 PM
1272,ENG412,1,MkF,MW 02:40 PM - 04:10 PM
1273,ENG415,1,DF,ST 02:40 PM - 04:10 PM
1274,ENG430,1,TBA,MW 04:20 PM - 05:50 PM
1275,ENG456,1,Sum,MW 02:40 PM - 04:10 PM
1276,ENG470,1,KME,MW 01:00 PM - 02:30 PM
1277,ENG476,1,TBA,ST 01:00 PM - 02:30 PM
1278,ENG490,1,ShC,ST 01:00 PM - 02:30 PM
1279,ENG500,1,TBA,S 07:00 PM - 10:10 PM
1280,ENG501,1,MSz2,W 07:00 PM - 10:10 PM
1281,ENG520,1,AQB,T 07:00 PM - 10:10 PM
1282,ENG555,1,TBA,M 07:00 PM - 10:10 PM
1283,ENG556,1,DF,M 07:00 PM - 10:10 PM
1284,ENG558,1,DnH,A 07:00 PM - 10:10 PM
1285,ENG570,1,HMe,R 07:00 PM - 10:10 PM
1286,ENG579,1,MSz2,M 07:00 PM - 10:10 PM
1287,ENG605,1,KME,W 07:00 PM - 10:10 PM
1288,ENG606,1,TBA,TBA
1289,ENG615,1,TBA,S 07:00 PM - 10:10 PM
1290,ENG618,1,TBA,TBA
1291,ENG632,1,TBA,T 07:00 PM - 10:10 PM
1292,ENG635,1,MSz2,W 07:00 PM - 10:10 PM
1293,ENG637,1,TBA,TBA
1294,ENV107,1,HMd,ST 09:40 AM - 11:10 AM
1295,ENV107,2,LDN,MW 11:20 AM - 12:50 PM
1296,ENV107,3,Sud,MW 09:40 AM - 11:10 AM
1297,ENV107,4,Sud,ST 01:00 PM - 02:30 PM
1298,ENV107,5,Sud,MW 02:40 PM - 04:10 PM
1299,ENV107,6,Mdo,MW 11:20 AM - 12:50 PM
1300,ENV107,7,Mdo,ST 11:20 AM - 12:50 PM
1301,ENV107,8,Mdo,ST 02:40 PM - 04:10 PM
1302,ENV107,9,THE,ST 09:40 AM - 11:10 AM
1303,ENV107,10,THE,ST 11:20 AM - 12:50 PM
1304,ENV107,11,AAd,ST 01:00 PM - 02:30 PM
1305,ENV107,12,AAd,ST 02:40 PM - 04:10 PM
1306,ENV107,13,AAd,ST 04:20 PM - 05:50 PM
1307,ENV107,14,AAd,MW 04:20 PM - 05:50 PM
1308,ENV107,15,RBr,ST 01:00 PM - 02:30 PM
1309,ENV107,16,RBr,ST 04:20 PM - 05:50 PM
1310,ENV107,17,RBr,MW 04:20 PM - 05:50 PM
1311,ENV107,18,NNz2,MW 11:20 AM - 12:50 PM
1312,ENV107,19,NNz2,ST 02:40 PM - 04:10 PM
1313,ENV107,20,HRh,RA 09:40 AM - 11:10 AM
1314,ENV107,21,HRh,RA 11:20 AM - 12:50 PM
1315,ENV107,22,ARK,RA 01:00 PM - 02:30 PM
1316,ENV107,23,ARK,RA 04:20 PM - 05:50 PM
1317,ENV107,24,KAI,RA 11:20 AM - 12:50 PM
1318,ENV107,25,KAI,RA 01:00 PM - 02:30 PM
1319,ENV107,26,KBU,RA 01:00 PM - 02:30 PM
1320,ENV107,27,KBU,RA 02:40 PM - 04:10 PM
1321,ENV107,28,Mfz,MW 08:00 AM - 09:30 AM
1322,ENV107,29,Mfz,MW 01:00 PM - 02:30 PM
1323,ENV107,30,RMK,RA 09:40 AM - 11:10 AM
1324,ENV107,31,Jsn,MW 01:00 PM - 02:30 PM
1325,ENV107,32,LDN,MW 01:00 PM - 02:30 PM
1326,ENV107,33,MpR,RA 02:40 PM - 04:10 PM
1327,ENV107,34,MpR,RA 04:20 PM - 05:50 PM
1328,ENV107,35,RSr,ST 04:20 PM - 05:50 PM
1329,ENV107,36,SaD,RA 01:00 PM - 02:30 PM
1330,ENV107,37,Szr,MW 08:00 AM - 09:30 AM
1331,ENV107,38,Szr,MW 01:00 PM - 02:30 PM
1332,ENV107,39,Ald,RA 08:00 AM - 09:30 AM
1333,ENV107,40,TAM1,ST 08:00 AM - 09:30 AM
1334,ENV107L,1,HMd,TBA
1335,ENV107L,2,HMd,TBA
1336,ENV107L,3,HMd,TBA
1337,ENV203/GEO205,1,SMO,MW 11:20 AM - 12:50 PM
1338,ENV203/GEO205,2,SMO,MW 02:40 PM - 04:10 PM
1339,ENV203/GEO205,3,NNz2,MW 04:20 PM - 05:50 PM
1340,ENV203/GEO205,4,NNz2,ST 04:20 PM - 05:50 PM
1341,ENV203/GEO205,5,MnZ,RA 08:00 AM - 09:30 AM
1342,ENV203/GEO205,6,MnZ,RA 09:40 AM - 11:10 AM
1343,ENV203/GEO205,7,HmK,RA 11:20 AM - 12:50 PM
1344,ENV203/GEO205,8,HmK,RA 02:40 PM - 04:10 PM
1345,ENV203/GEO205,9,Mzs,ST 01:00 PM - 02:30 PM
1346,ENV203/GEO205,10,ZRu,ST 04:20 PM - 05:50 PM
1347,ENV203/GEO205,11,KBs,RA 04:20 PM - 05:50 PM
1348,ENV203/GEO205,12,KBs,RA 02:40 PM - 04:10 PM
1349,ENV203/GEO205,13,RMr,RA 11:20 AM - 12:50 PM
1350,ENV203/GEO205,14,RMr,RA 09:40 AM - 11:10 AM
1351,ENV203/GEO205,15,MFj,ST 08:00 AM - 09:30 AM
1352,ENV203/GEO205,16,MFj,RA 08:00 AM - 09:30 AM
1353,ENV203/GEO205,17,SaD,RA 04:20 PM - 05:50 PM
1354,ENV209,1,BKF,MW 02:40 PM - 04:10 PM
1355,ENV209L,1,NDZ,RA 11:20 AM - 12:50 PM
1356,ENV214,1,THE,MW 04:20 PM - 05:50 PM
1357,ENV214,2,Mzs,ST 11:20 AM - 12:50 PM
1358,ENV214,3,RSr,ST 09:40 AM - 11:10 AM
1359,ENV215,1,BKF,ST 01:00 PM - 02:30 PM
1360,ENV307,1,SMO,ST 04:20 PM - 05:50 PM
1361,ENV316,1,Mdo,ST 09:40 AM - 11:10 AM
1362,ENV318,1,NzM,RA 02:40 PM - 04:10 PM
1363,ENV373,1,Jky,MW 09:40 AM - 11:10 AM
1364,ENV380,1,THE,ST 02:40 PM - 04:10 PM
1365,ENV405,1,MRK,MW 02:40 PM - 04:10 PM
1366,ENV408,1,BKF,ST 09:40 AM - 11:10 AM
1367,ENV409,1,MRK,MW 11:20 AM - 12:50 PM
1368,ENV414,1,HMd,ST 11:20 AM - 12:50 PM
1369,ENV430,1,Cancelled,MW 04:20 PM - 05:50 PM
1370,ENV436,1,Nzn,ST 02:40 PM - 04:10 PM
1371,ENV450,1,AAd,RA 11:20 AM - 12:50 PM
1372,ENV455,1,Nzn,MW 08:00 AM - 09:30 AM
1373,ENV498,1,MRK,TBA
1374,ENV498,2,HMd,TBA
1375,ENV498,3,Jky,TBA
1376,ENV498,4,BKF,TBA
1377,ENV498,5,Nzn,TBA
1378,ENV498,6,SMO,TBA
1379,ENV498,7,Sud,TBA
1380,ENV498,8,Mdo,TBA
1381,ENV498,9,THE,TBA
1382,ENV498,10,AAd,TBA
1383,ENV498,11,RBr,TBA
1384,ENV498,12,NNz2,TBA
1385,ENV499,1,MRK,TBA
1386,ENV499,2,HMd,TBA
1387,ENV499,3,Jky,TBA
1388,ENV499,4,BKF,TBA
1389,ENV499,5,Nzn,TBA
1390,ENV499,6,SMO,TBA
1391,ENV499,7,Sud,TBA
1392,ENV499,8,Mdo,TBA
1393,ENV499,9,THE,TBA
1394,ENV499,10,AAd,TBA
1395,ENV499,11,RBr,TBA
1396,ENV499,12,NNz2,TBA
1397,ENV501/REM501,1,KdA,F 03:00 PM - 06:00 PM
1398,ENV502/REM502,1,MRK,A 03:00 PM - 05:55 PM
1399,ENV601/REM601,1,Sud,A 06:00 PM - 09:00 PM
1400,ENV603/REM603,1,MRK,A 09:00 AM - 12:00 PM
1401,ENV615/REM615,1,BKF/Nzn,W 06:00 PM - 09:10 PM
1402,ENV627/REM627,1,HMd,F 03:00 PM - 06:00 PM
1403,ENV652,1,Jky,M 06:00 PM - 09:10 PM
1404,ENV690,1,MRK,TBA
1405,ENV690,2,HMd,TBA
1406,ENV690,3,Jky,TBA
1407,ENV690,4,BKF,TBA
1408,ENV690,5,Nzn,TBA
1409,ENV690,6,SMO,TBA
1410,ENV690,7,Sud,TBA
1411,ENV690,12,Cancelled,TBA
1412,ENV697,1,MRK,TBA
1413,ENV697,2,HMd,TBA
1414,ENV697,3,Jky,TBA
1415,ENV697,4,BKF,TBA
1416,ENV697,5,Nzn,TBA
1417,ENV697,6,SMO,TBA
1418,ENV697,7,Sud,TBA
1419,EEE111/ETE111,1,KAS,ST 09:40 AM - 11:10 AM
1420,EEE111/ETE111,2,Azf,ST 09:40 AM - 11:10 AM
1421,EEE111/ETE111,3,Azf,ST 08:00 AM - 09:30 AM
1422,EEE111/ETE111,4,Sau,MW 08:00 AM - 09:30 AM
1423,EEE111/ETE111,5,SI,ST 09:40 AM - 11:10 AM
1424,EEE111/ETE111,6,SI,ST 11:20 AM - 12:50 PM
1425,EEE111/ETE111,7,WTB,ST 11:20 AM - 12:50 PM
1426,EEE111/ETE111,8,Mkl,MW 02:40 PM - 04:10 PM
1427,EEE111/ETE111,9,Lih,MW 11:20 AM - 12:50 PM
1428,EEE111/ETE111,10,Mdy,MW 01:00 PM - 02:30 PM
1429,EEE111L/ETE111L,1,KAS,T 11:20 AM - 02:30 PM
1430,EEE111L/ETE111L,2,Azf,S 11:20 AM - 02:30 PM
1431,EEE111L/ETE111L,3,Azf,T 02:40 PM - 05:50 PM
1432,EEE111L/ETE111L,4,Sau,M 11:20 AM - 02:30 PM
1433,EEE111L/ETE111L,5,SI,M 02:40 PM - 05:50 PM
1434,EEE111L/ETE111L,6,SI,S 02:40 PM - 05:50 PM
1435,EEE111L/ETE111L,7,WTB,T 08:00 AM - 11:10 AM
1436,EEE111L/ETE111L,8,Mkl,T 02:40 PM - 05:50 PM
1437,EEE111L/ETE111L,9,Lih,R 11:20 AM - 02:30 PM
1438,EEE111L/ETE111L,10,Mdy,M 08:00 AM - 11:10 AM
1439,EEE141/ETE141,1,KAS,MW 09:40 AM - 11:10 AM
1440,EEE141/ETE141,2,Sau,ST 08:00 AM - 09:30 AM
1441,EEE141/ETE141,3,MzR1,ST 11:20 AM - 12:50 PM
1442,EEE141/ETE141,4,AbO,ST 11:20 AM - 12:50 PM
1443,EEE141/ETE141,5,NSv,ST 01:00 PM - 02:30 PM
1444,EEE141/ETE141,6,KMM,MW 08:00 AM - 09:30 AM
1445,EEE141/ETE141,7,Fkr,ST 04:20 PM - 05:50 PM
1446,EEE141/ETE141,8,IMR,ST 02:40 PM - 04:10 PM
1447,EEE141/ETE141,9,AbO,MW 11:20 AM - 12:50 PM
1448,EEE141/ETE141,10,NSv,ST 02:40 PM - 04:10 PM
1449,EEE141/ETE141,11,Dr Mahbubu,MW 01:00 PM - 02:30 PM
1450,EEE141/ETE141,12,Zunayeed,RA 09:40 AM - 11:10 AM
1451,EEE141L/ETE141L,1,KAS,M 11:20 AM - 02:30 PM
1452,EEE141L/ETE141L,2,Sau,T 11:20 AM - 02:30 PM
1453,EEE141L/ETE141L,3,MzR1,S 08:00 AM - 11:10 AM
1454,EEE141L/ETE141L,4,AbO,T 08:00 AM - 11:10 AM
1455,EEE141L/ETE141L,5,NSv,W 11:20 AM - 02:30 PM
1456,EEE141L/ETE141L,6,KMM,W 11:20 AM - 02:30 PM
1457,EEE141L/ETE141L,7,Fkr,R 02:40 PM - 05:50 PM
1458,EEE141L/ETE141L,8,IMR,S 08:00 AM - 11:10 AM
1459,EEE141L/ETE141L,9,AbO,M 02:40 PM - 05:50 PM
1460,EEE141L/ETE141L,10,NSv,M 11:20 AM - 02:30 PM
1461,EEE141L/ETE141L,11,Dr Mahbubu,W 08:00 AM - 11:10 AM
1462,EEE141L/ETE141L,12,Zunayeed,A 11:20 AM - 02:30 PM
1463,EEE211/EEE221/ETE211,1,Cancelled,ST 08:00 AM - 09:30 AM
1464,EEE211/ETE211,2,Sau,ST 09:40 AM - 11:10 AM
1465,EEE211/ETE211,3,RRa,ST 11:20 AM - 12:50 PM
1466,EEE211/ETE211,4,HUZ,ST 09:40 AM - 11:10 AM
1467,EEE211/ETE211,5,KMM,ST 08:00 AM - 09:30 AM
1468,EEE211L/ETE211L,1,Cancelled,T 11:20 AM - 02:30 PM
1469,EEE211L/ETE211L,2,Sau,S 11:20 AM - 02:30 PM
1470,EEE211L/ETE211L,3,RRa,R 11:20 AM - 02:30 PM
1471,EEE211L/ETE211L,4,HUZ,S 11:20 AM - 02:30 PM
1472,EEE211L/ETE211L,5,KMM,T 11:20 AM - 02:30 PM
1473,EEE221/ETE221,2,Dr Hafiz,RA 02:40 PM - 04:10 PM
1474,EEE221/ETE221,3,Mdy,MW 11:20 AM - 12:50 PM
1475,EEE221/ETE221,4,Mkl,MW 11:20 AM - 12:50 PM
1476,EEE221/ETE221,5,Dr Hafiz,ST 02:40 PM - 04:10 PM
1477,EEE221L/ETE221L,1,Cancelled,S 02:40 PM - 05:50 PM
1478,EEE221L/ETE221L,2,Dr Hafiz,R 11:20 AM - 02:30 PM
1479,EEE221L/ETE221L,3,Mdy,W 08:00 AM - 11:10 AM
1480,EEE221L/ETE221L,4,Mkl,S 02:40 PM - 05:50 PM
1481,EEE221L/ETE221L,5,Dr Hafiz,S 11:20 AM - 02:30 PM
1482,EEE241/ETE241,1,AbO,ST 01:00 PM - 02:30 PM
1483,EEE241/ETE241,2,IqR,MW 02:40 PM - 04:10 PM
1484,EEE241/ETE241,3,KAS,MW 02:40 PM - 04:10 PM
1485,EEE241/ETE241,4,MzR1,ST 01:00 PM - 02:30 PM
1486,EEE241/ETE241,5,Cancelled,RA 11:20 AM - 12:50 PM
1487,EEE241L/ETE241L,1,AbO,S 02:40 PM - 05:50 PM
1488,EEE241L/ETE241L,2,IqR,S 02:40 PM - 05:50 PM
1489,EEE241L/ETE241L,3,KAS,W 11:20 AM - 02:30 PM
1490,EEE241L/ETE241L,4,MzR1,T 08:00 AM - 11:10 AM
1491,EEE241L/ETE241L,5,Cancelled,M 08:00 AM - 11:10 AM
1492,EEE299/ETE299,1,Sau,M 09:40 AM - 11:10 AM
1493,EEE299/ETE299,2,Lih,W 09:40 AM - 11:10 AM
1494,EEE299/ETE299,3,RRa,S 01:00 PM - 02:30 PM
1495,EEE299/ETE299,4,SI,W 02:40 PM - 04:10 PM
1496,EEE311/ETE311,1,Mkl,ST 11:20 AM - 12:50 PM
1497,EEE311/ETE311,2,Mkl,ST 01:00 PM - 02:30 PM
1498,EEE311/ETE311,3,Aqu,MW 11:20 AM - 12:50 PM
1499,EEE311/ETE311,4,RRa,MW 11:20 AM - 12:50 PM
1500,EEE311/ETE311,5,RRa,MW 02:40 PM - 04:10 PM
1501,EEE311/ETE311,6,Fkr,MW 04:20 PM - 05:50 PM
1502,EEE311/ETE311,7,Azf,MW 09:40 AM - 11:10 AM
1503,EEE311L/ETE311L,1,Mkl,R 11:20 AM - 02:30 PM
1504,EEE311L/ETE311L,2,Mkl,R 02:40 PM - 05:50 PM
1505,EEE311L/ETE311L,3,Aqu,T 02:40 PM - 05:50 PM
1506,EEE311L/ETE311L,4,RRa,W 08:00 AM - 11:10 AM
1507,EEE311L/ETE311L,5,RRa,R 02:40 PM - 05:50 PM
1508,EEE311L/ETE311L,6,Fkr,R 08:00 AM - 11:10 AM
1509,EEE311L/ETE311L,7,Azf,W 02:40 PM - 05:50 PM
1510,EEE312/ETE312,1,SI,MW 11:20 AM - 12:50 PM
1511,EEE312/ETE312,2,Azf,MW 01:00 PM - 02:30 PM
1512,EEE312/ETE312,3,HUZ,MW 01:00 PM - 02:30 PM
1513,EEE312/ETE312,4,KMU,RA 02:40 PM - 04:10 PM
1514,EEE312L/ETE312L,1,SI,T 02:40 PM - 05:50 PM
1515,EEE312L/ETE312L,2,Azf,R 02:40 PM - 05:50 PM
1516,EEE312L/ETE312L,3,HUZ,W 02:40 PM - 05:50 PM
1517,EEE312L/ETE312L,4,KMU,W 11:20 AM - 02:30 PM
1518,EEE321/ETE321,1,Aqu,MW 09:40 AM - 11:10 AM
1519,EEE321/ETE321,2,TEK,RA 01:00 PM - 02:30 PM
1520,EEE321/ETE321,3,TEK,RA 02:40 PM - 04:10 PM
1521,EEE321L/ETE321L,1,Aqu,R 11:20 AM - 02:30 PM
1522,EEE321L/ETE321L,2,TEK,R 08:00 AM - 11:10 AM
1523,EEE321L/ETE321L,3,TEK,A 08:00 AM - 11:10 AM
1524,EEE331/ETE331,1,RSl,MW 11:20 AM - 12:50 PM
1525,EEE331L/ETE331L,1,RSl,R 11:20 AM - 02:30 PM
1526,CSE482/ETE334,1,Szz,MW 04:20 PM - 05:50 PM
1527,EEE361/ETE361,1,Mdy,ST 01:00 PM - 02:30 PM
1528,EEE361/ETE361,2,IMR,MW 01:00 PM - 02:30 PM
1529,EEE361/ETE361,3,Mdy,ST 02:40 PM - 04:10 PM
1530,EEE313/EEE410/ETE411/ETE443,2,Cancelled,MW 11:20 AM - 12:50 PM
1531,EEE342/ETE418,1,Lih,ST 09:40 AM - 11:10 AM
1532,EEE342/ETE418,2,Lih,ST 01:00 PM - 02:30 PM
1533,EEE342/ETE418,3,MzR1,MW 01:00 PM - 02:30 PM
1534,EEE342/ETE418,4,Dr Hafiz,ST 04:20 PM - 05:50 PM
1535,EEE342L/ETE418L,1,Lih,S 02:40 PM - 05:50 PM
1536,EEE342L/ETE418L,2,Lih,T 02:40 PM - 05:50 PM
1537,EEE342L/ETE418L,3,MzR1,M 02:40 PM - 05:50 PM
1538,EEE342L/ETE418L,4,Dr Hafiz,T 11:20 AM - 02:30 PM
1539,EEE422/ETE422,1,Fkr,ST 02:40 PM - 04:10 PM
1540,EEE423/ETE423,1,Cancelled,ST 02:40 PM - 04:10 PM
1541,EEE426/ETE426,1,ZUM,ST 04:20 PM - 05:50 PM
1542,EEE426L/ETE426L,1,ZUM,R 08:00 AM - 11:10 AM
1543,CSE485/EEE471/ETE471,1,Fkr,MW 02:40 PM - 04:10 PM
1544,CSE485L/EEE471L/ETE471L,1,Fkr,W 11:20 AM - 02:30 PM
1545,EEE481/ETE481,1,AbO,W 02:40 PM - 05:50 PM
1546,EEE482/ETE482,1,RSl,S 11:20 AM - 02:30 PM
1547,EEE482/ETE482,2,RSl,T 11:20 AM - 02:30 PM
1548,ETE501,1,Mtn,T 07:00 PM - 10:10 PM
1549,CSE515/ETE507,1,AMC,W 07:00 PM - 10:10 PM
1550,ETE509,1,KMM,S 07:00 PM - 10:10 PM
1551,EEE313/EEE410/ETE411/ETE443/ETE511,1,NSv,R 06:00 PM - 09:10 PM
1552,FIN254,1,ARm,MW 02:40 PM - 04:10 PM
1553,FIN254,2,FzH,ST 04:20 PM - 05:50 PM
1554,FIN254,3,IAC,MW 02:40 PM - 04:10 PM
1555,FIN254,4,MAW,ST 01:00 PM - 02:30 PM
1556,FIN254,5,MAW,ST 02:40 PM - 04:10 PM
1557,FIN254,6,Mrj,MW 01:00 PM - 02:30 PM
1558,FIN254,7,MzF,MW 08:00 AM - 09:30 AM
1559,FIN254,8,SgS,ST 02:40 PM - 04:10 PM
1560,FIN254,9,TBA,ST 08:00 AM - 09:30 AM
1561,FIN254,10,TBA,RA 11:20 AM - 12:50 PM
1562,FIN254,11,DAK,ST 09:40 AM - 11:10 AM
1563,FIN254,12,DAK,ST 01:00 PM - 02:30 PM
1564,FIN254,13,KHT,MW 11:20 AM - 12:50 PM
1565,FIN254,14,MdM,ST 02:40 PM - 04:10 PM
1566,FIN254,15,Mjd,MW 01:00 PM - 02:30 PM
1567,FIN254,16,Mjd,MW 02:40 PM - 04:10 PM
1568,FIN254,17,Mjd,ST 01:00 PM - 02:30 PM
1569,FIN254,18,MN,ST 08:00 AM - 09:30 AM
1570,FIN254,19,MN,ST 09:40 AM - 11:10 AM
1571,FIN254,20,Mrj,MW 09:40 AM - 11:10 AM
1572,FIN254,21,Mrj,ST 08:00 AM - 09:30 AM
1573,FIN254,22,NNh,ST 01:00 PM - 02:30 PM
1574,FIN254,23,NNh,ST 04:20 PM - 05:50 PM
1575,FIN254,24,RMB,ST 11:20 AM - 12:50 PM
1576,FIN254,25,SnT,MW 08:00 AM - 09:30 AM
1577,FIN254,26,SnT,MW 11:20 AM - 12:50 PM
1578,FIN254,27,TBA,MW 01:00 PM - 02:30 PM
1579,FIN254,28,TBA,MW 08:00 AM - 09:30 AM
1580,FIN254,29,TBA,RA 02:40 PM - 04:10 PM
1581,FIN340,1,Ahm,ST 01:00 PM - 02:30 PM
1582,FIN340,2,Ahm,ST 02:40 PM - 04:10 PM
1583,FIN340,3,Asy,ST 02:40 PM - 04:10 PM
1584,FIN340,4,Asy,MW 09:40 AM - 11:10 AM
1585,FIN433,1,Ahm,RA 08:00 AM - 09:30 AM
1586,FIN433,2,Ahm,RA 09:40 AM - 11:10 AM
1587,FIN433,3,HMu,ST 01:00 PM - 02:30 PM
1588,FIN433,4,HMu,ST 02:40 PM - 04:10 PM
1589,FIN433,5,MN,MW 08:00 AM - 09:30 AM
1590,FIN433,6,MN,MW 09:40 AM - 11:10 AM
1591,FIN433,7,SnT,ST 08:00 AM - 09:30 AM
1592,FIN433,8,SnT,ST 09:40 AM - 11:10 AM
1593,FIN435,1,FzH,MW 04:20 PM - 05:50 PM
1594,FIN435,2,FzH,MW 01:00 PM - 02:30 PM
1595,FIN435,3,HMu,MW 09:40 AM - 11:10 AM
1596,FIN435,4,HMu,MW 11:20 AM - 12:50 PM
1597,FIN435,5,3-Mar,MW 04:20 PM - 05:50 PM
1598,FIN435,6,MdM,MW 11:20 AM - 12:50 PM
1599,FIN435,7,Sbk,MW 11:20 AM - 12:50 PM
1600,FIN435,8,Sbk,MW 01:00 PM - 02:30 PM
1601,FIN435,9,TBA,RA 11:20 AM - 12:50 PM
1602,FIN435,10,TBA,RA 02:40 PM - 04:10 PM
1603,FIN440,1,KHT,MW 02:40 PM - 04:10 PM
1604,FIN440,2,Mrj,ST 11:20 AM - 12:50 PM
1605,FIN440,3,TBA,MW 04:20 PM - 05:50 PM
1606,FIN440,4,MzF,ST 08:00 AM - 09:30 AM
1607,FIN440,5,MzF,ST 09:40 AM - 11:10 AM
1608,FIN440,6,SgS,MW 04:20 PM - 05:50 PM
1609,FIN440,7,SgS,MW 01:00 PM - 02:30 PM
1610,FIN440,8,SyS,MW 02:40 PM - 04:10 PM
1611,FIN440,9,SyS,MW 04:20 PM - 05:50 PM
1612,FIN440,10,TBA,RA 09:40 AM - 11:10 AM
1613,FIN440,11,SyS,ST 02:40 PM - 04:10 PM
1614,FIN440,12,TBA,ST 04:20 PM - 05:50 PM
1615,FIN444,1,Mjd,ST 04:20 PM - 05:50 PM
1616,FIN444,2,MzF,MW 09:40 AM - 11:10 AM
1617,FIN444,3,RMB,ST 01:00 PM - 02:30 PM
1618,FIN444,4,Sbk,ST 09:40 AM - 11:10 AM
1619,FIN444,5,Sbk,ST 11:20 AM - 12:50 PM
1620,FIN464,1,MAW,MW 02:40 PM - 04:10 PM
1621,FIN464,2,MAW,MW 04:20 PM - 05:50 PM
1622,FIN464,3,MdM,MW 02:40 PM - 04:10 PM
1623,FIN464,4,TsA,ST 09:40 AM - 11:10 AM
1624,FIN480,1,FzH,ST 01:00 PM - 02:30 PM
1625,FIN635,1,MdR,F 07:00 PM - 10:10 PM
1626,FIN637,1,3-Mar,W 07:00 PM - 10:10 PM
1627,FIN639,1,SfN1,M 07:00 PM - 10:10 PM
1628,FIN642,1,HMM,S 03:00 PM - 06:10 PM
1629,FIN642,2,HMM,W 07:00 PM - 10:10 PM
1630,FIN644,1,PKB,F 09:00 AM - 12:30 PM
1631,FIN645,1,MdR,T 07:00 PM - 10:10 PM
1632,FIN647,1,Rma,W 03:00 PM - 06:30 PM
1633,HIS101,1,ASZ,MW 09:40 AM - 11:10 AM
1634,HIS101,2,ASZ,MW 01:00 PM - 02:30 PM
1635,HIS101,3,AGR2,RA 11:20 AM - 12:50 PM
1636,HIS101,4,AGR2,RA 01:00 PM - 02:30 PM
1637,HIS101,5,MZD,RA 11:20 AM - 12:50 PM
1638,HIS101,6,AKA3,RA 11:20 AM - 12:50 PM
1639,HIS101,7,AKA3,RA 01:00 PM - 02:30 PM
1640,HIS101,8,AKA3,RA 02:40 PM - 04:10 PM
1641,HIS102,1,EIM,ST 08:00 AM - 09:30 AM
1642,HIS102,2,EIM,ST 09:40 AM - 11:10 AM
1643,HIS102,3,EIM,MW 08:00 AM - 09:30 AM
1644,HIS102,4,EIM,MW 09:40 AM - 11:10 AM
1645,HIS103,1,Sfn,MW 01:00 PM - 02:30 PM
1646,HIS103,2,AGR2,RA 02:40 PM - 04:10 PM
1647,HIS103,3,ASz,MW 02:40 PM - 04:10 PM
1648,HIS103,4,MAB2,ST 09:40 AM - 11:10 AM
1649,HIS103,5,MAB2,ST 11:20 AM - 12:50 PM
1650,HIS103,6,MAB2,MW 11:20 AM - 12:50 PM
1651,HIS103,7,MAB2,MW 02:40 PM - 04:10 PM
1652,HIS103,8,MZD,RA 01:00 PM - 02:30 PM
1653,HIS103,9,MZD,RA 04:20 PM - 05:50 PM
1654,HIS103,10,AHO,RA 08:00 AM - 09:30 AM
1655,HIS103,11,AHO,RA 09:40 AM - 11:10 AM
1656,HIS205,1,Nch,ST 01:00 PM - 02:30 PM
1657,HIS205,2,Nch,ST 02:40 PM - 04:10 PM
1658,HIS205,3,Nch,MW 01:00 PM - 02:30 PM
1659,HIS205,4,Nch,MW 02:40 PM - 04:10 PM
1660,HIS205,5,Nch,MW 04:20 PM - 05:50 PM
1661,HRM360,1,Sqt,ST 09:40 AM - 11:10 AM
1662,HRM360,2,Sqt,ST 01:00 PM - 02:30 PM
1663,HRM370,1,TuA,MW 09:40 AM - 11:10 AM
1664,HRM380,1,TuA,MW 08:00 AM - 09:30 AM
1665,HRM380,2,TuA,MW 01:00 PM - 02:30 PM
1666,HRM410,1,TuA,MW 04:20 PM - 05:50 PM
1667,HRM430,1,Cancelled,ST 02:40 PM - 04:10 PM
1668,HRM460,1,TRT,MW 01:00 PM - 02:30 PM
1669,HRM480,1,Mli,ST 02:40 PM - 04:10 PM
1670,HRM602,1,KdA,F 09:00 AM - 12:30 PM
1671,HRM602,2,Dr. Ireen,T 07:00 PM - 10:10 PM
1672,HRM603,1,KdA,F 07:00 PM - 10:10 PM
1673,HRM604,1,KsM,T 07:00 PM - 10:10 PM
1674,HRM605,1,KsM,M 07:00 PM - 10:10 PM
1675,HRM680,1,KsM,R 07:00 PM - 10:10 PM
1676,INB350,1,ALK,MW 01:00 PM - 02:30 PM
1677,INB350,2,ALK,MW 04:20 PM - 05:50 PM
1678,INB372,1,ALK,ST 01:00 PM - 02:30 PM
1679,INB372,2,ALK,ST 04:20 PM - 05:50 PM
1680,INB372,3,EhN,MW 08:00 AM - 09:30 AM
1681,INB372,4,EhN,ST 01:00 PM - 02:30 PM
1682,INB372,5,Fss,ST 11:20 AM - 12:50 PM
1683,INB372,6,Fss,ST 01:00 PM - 02:30 PM
1684,INB372,7,Fzy,MW 09:40 AM - 11:10 AM
1685,INB372,8,Fzy,ST 09:40 AM - 11:10 AM
1686,INB372,9,GpB,RA 11:20 AM - 12:50 PM
1687,INB372,10,Mbt,MW 04:20 PM - 05:50 PM
1688,INB372,11,Mbt,MW 02:40 PM - 04:10 PM
1689,INB372,12,Mei,MW 02:40 PM - 04:10 PM
1690,INB372,13,Mei,MW 11:20 AM - 12:50 PM
1691,INB372,14,MHZ,MW 01:00 PM - 02:30 PM
1692,INB372,15,MHZ,MW 02:40 PM - 04:10 PM
1693,INB372,16,MHZ,ST 02:40 PM - 04:10 PM
1694,INB372,17,MHZ,ST 04:20 PM - 05:50 PM
1695,INB372,18,Mbt,RA 01:00 PM - 02:30 PM
1696,INB372,19,QEA,MW 08:00 AM - 09:30 AM
1697,INB372,20,SMI,MW 09:40 AM - 11:10 AM
1698,INB372,21,SMI,ST 01:00 PM - 02:30 PM
1699,INB372,22,SMI,ST 09:40 AM - 11:10 AM
1700,INB372,23,TFZ,RA 08:00 AM - 09:30 AM
1701,INB372,24,TFZ,RA 09:40 AM - 11:10 AM
1702,INB372,25,Dr.Tayeenu,RA 11:20 AM - 12:50 PM
1703,INB400,1,TFd,MW 04:20 PM - 05:50 PM
1704,INB410,1,Mei,ST 02:40 PM - 04:10 PM
1705,INB410,2,Mei,ST 11:20 AM - 12:50 PM
1706,INB480,1,GpB,RA 01:00 PM - 02:30 PM
1707,INB480,2,SMI,MW 01:00 PM - 02:30 PM
1708,INB490,1,Fzy,MW 11:20 AM - 12:50 PM
1709,LAW101,1,RJI,MW 09:40 AM - 11:10 AM
1710,LAW101,2,SQB,ST 04:20 PM - 05:50 PM
1711,LAW107,1,NMA,MW 11:20 AM - 12:50 PM
1712,LAW200,1,RJI,MW 04:20 PM - 05:50 PM
1713,LAW200,2,SQB,MW 04:20 PM - 05:50 PM
1714,LAW200,3,KAH,ST 08:00 AM - 09:30 AM
1715,LAW200,4,KAH,ST 01:00 PM - 02:30 PM
1716,LAW200,5,STZ,RA 08:00 AM - 09:30 AM
1717,LAW200,6,HIS,MW 08:00 AM - 09:30 AM
1718,LAW200,7,ARF2,RA 08:00 AM - 09:30 AM
1719,LAW200,8,ARF2,RA 02:40 PM - 04:10 PM
1720,LAW200,9,SQB,RA 11:20 AM - 12:50 PM
1721,LAW200,10,SQB,RA 08:00 AM - 09:30 AM
1722,LAW200,11,TAS,ST 11:20 AM - 12:50 PM
1723,LAW200,12,FBR,MW 08:00 AM - 09:30 AM
1724,LAW200,13,KTR,RA 02:40 PM - 04:10 PM
1725,LAW200,14,TZA,ST 09:40 AM - 11:10 AM
1726,LAW200,15,SSR2,RA 01:00 PM - 02:30 PM
1727,LAW200,16,HIS,RA 08:00 AM - 09:30 AM
1728,LAW200,17,ARF2,MW 08:00 AM - 09:30 AM
1729,LAW200,18,KAH,ST 09:40 AM - 11:10 AM
1730,LAW201,1,HIS,MW 02:40 PM - 04:10 PM
1731,LAW202,1,STZ,ST 08:00 AM - 09:30 AM
1732,LAW208,1,SQB,MW 01:00 PM - 02:30 PM
1733,LAW209,1,STZ,ST 02:40 PM - 04:10 PM
1734,LAW211,1,RJI,MW 08:00 AM - 09:30 AM
1735,LAW213,1,NJN,MW 01:00 PM - 02:30 PM
1736,LAW301,1,NJN,MW 09:40 AM - 11:10 AM
1737,LAW303,1,HIS,ST 02:40 PM - 04:10 PM
1738,LAW308,1,NJN,ST 01:00 PM - 02:30 PM
1739,LAW310,1,NMA,MW 02:40 PM - 04:10 PM
1740,LAW311,1,RJI,MW 11:20 AM - 12:50 PM
1741,LAW312,1,ARF2,ST 02:40 PM - 04:10 PM
1742,LAW402,1,TZA,ST 11:20 AM - 12:50 PM
1743,LAW403,1,STZ,RA 01:00 PM - 02:30 PM
1744,LAW404,1,NJN,ST 04:20 PM - 05:50 PM
1745,LAW405,1,KAH,ST 04:20 PM - 05:50 PM
1746,LAW407,1,HIS,ST 11:20 AM - 12:50 PM
1747,LAW412,1,Cancelled,ST 09:40 AM - 11:10 AM
1748,LAW413,1,ARF2,ST 09:40 AM - 11:10 AM
1749,LBA104,1,IPL,RA 08:00 AM - 09:30 AM
1750,LBA104,2,IPL,RA 09:40 AM - 11:10 AM
1751,MAT112,1,Agk,RA 01:00 PM - 02:30 PM
1752,MAT112,2,Sharmin,RA 02:40 PM - 04:10 PM
1753,MAT112,3,SIC,ST 01:00 PM - 02:30 PM
1754,MAT112,4,SIC,ST 04:20 PM - 05:50 PM
1755,MAT112,5,Kmz,ST 01:00 PM - 02:30 PM
1756,MAT112,6,Kmz,ST 04:20 PM - 05:50 PM
1757,MAT112,7,MFU,RA 09:40 AM - 11:10 AM
1758,MAT112,8,MFU,RA 11:20 AM - 12:50 PM
1759,MAT112,9,Ads1,RA 09:40 AM - 11:10 AM
1760,MAT112,10,Ads1,RA 11:20 AM - 12:50 PM
1761,MAT112,11,Rek,RA 09:40 AM - 11:10 AM
1762,MAT112,12,Rek,RA 11:20 AM - 12:50 PM
1763,MAT112,13,Swk,RA 01:00 PM - 02:30 PM
1764,MAT112,14,Swk,RA 02:40 PM - 04:10 PM
1765,MAT112,15,Sharmin,RA 09:40 AM - 11:10 AM
1766,MAT112,16,Agk,RA 11:20 AM - 12:50 PM
1767,MAT112,17,HsF,RA 09:40 AM - 11:10 AM
1768,MAT112,18,IAM,RA 11:20 AM - 12:50 PM
1769,MAT112,19,SDb,MW 01:00 PM - 02:30 PM
1770,MAT112,20,SDb,MW 04:20 PM - 05:50 PM
1771,MAT112,21,Mde,RA 11:20 AM - 12:50 PM
1772,MAT112,22,Mde,RA 01:00 PM - 02:30 PM
1773,MAT112,23,Hmn,RA 09:40 AM - 11:10 AM
1774,MAT112,24,Hmn,RA 11:20 AM - 12:50 PM
1775,MAT116,1,NSR,RA 02:40 PM - 04:10 PM
1776,MAT116,2,NSR,RA 04:20 PM - 05:50 PM
1777,MAT116,3,SIC,MW 08:00 AM - 09:30 AM
1778,MAT116,4,AuZ,MW 01:00 PM - 02:30 PM
1779,MAT116,5,SCG,ST 08:00 AM - 09:30 AM
1780,MAT116,6,SCG,ST 09:40 AM - 11:10 AM
1781,MAT116,7,SCG,ST 02:40 PM - 04:10 PM
1782,MAT116,8,NFH,MW 04:20 PM - 05:50 PM
1783,MAT116,9,NFH,MW 01:00 PM - 02:30 PM
1784,MAT116,10,Nan,ST 08:00 AM - 09:30 AM
1785,MAT116,11,Nan,ST 09:40 AM - 11:10 AM
1786,MAT116,12,SBW,RA 01:00 PM - 02:30 PM
1787,MAT116,13,SBW,RA 02:40 PM - 04:10 PM
1788,MAT116,14,MMR5,RA 02:40 PM - 04:10 PM
1789,MAT116,15,Cancelled,RA 04:20 PM - 05:50 PM
1790,MAT116,16,Oim,RA 01:00 PM - 02:30 PM
1791,MAT116,17,Oim,RA 02:40 PM - 04:10 PM
1792,MAT116,18,MsL,MW 02:40 PM - 04:10 PM
1793,MAT116,19,ZUM,ST 01:00 PM - 02:30 PM
1794,MAT116,20,KSD,RA 08:00 AM - 09:30 AM
1795,MAT116,21,SIC,MW 04:20 PM - 05:50 PM
1796,MAT116,22,Cancelled,MW 04:20 PM - 05:50 PM
1797,MAT120,1,Frq,MW 09:40 AM - 11:10 AM
1798,MAT120,2,Frq,MW 01:00 PM - 02:30 PM
1799,MAT120,3,Frq,MW 04:20 PM - 05:50 PM
1800,MAT120,4,HaR,ST 11:20 AM - 12:50 PM
1801,MAT120,5,HaR,ST 01:00 PM - 02:30 PM
1802,MAT120,6,ZIK,RA 02:40 PM - 04:10 PM
1803,MAT120,7,ZIK,RA 04:20 PM - 05:50 PM
1804,MAT120,8,HSM,RA 02:40 PM - 04:10 PM
1805,MAT120,9,Thr,RA 04:20 PM - 05:50 PM
1806,MAT120,10,SK,ST 01:00 PM - 02:30 PM
1807,MAT120,11,SK,ST 04:20 PM - 05:50 PM
1808,MAT120,12,Rks,RA 02:40 PM - 04:10 PM
1809,MAT120,13,Rks,RA 04:20 PM - 05:50 PM
1810,MAT120,14,FUA,RA 09:40 AM - 11:10 AM
1811,MAT120,15,FUA,RA 11:20 AM - 12:50 PM
1812,MAT120,16,Lks,RA 02:40 PM - 04:10 PM
1813,MAT120,17,Lks,RA 04:20 PM - 05:50 PM
1814,MAT120,18,Ssd,RA 09:40 AM - 11:10 AM
1815,MAT120,19,Ssd,RA 11:20 AM - 12:50 PM
1816,MAT120,20,ANe,RA 11:20 AM - 12:50 PM
1817,MAT120,21,ANe,RA 01:00 PM - 02:30 PM
1818,MAT120,22,AK,RA 08:00 AM - 09:30 AM
1819,MAT125,1,ANe,MW 01:00 PM - 02:30 PM
1820,MAT125,2,ANe,MW 04:20 PM - 05:50 PM
1821,MAT125,3,Aua,MW 11:20 AM - 12:50 PM
1822,MAT125,4,ZHn,MW 09:40 AM - 11:10 AM
1823,MAT125,5,ZHn,MW 11:20 AM - 12:50 PM
1824,MAT125,6,UMM,MW 11:20 AM - 12:50 PM
1825,MAT125,7,UMM,MW 01:00 PM - 02:30 PM
1826,MAT125,8,UMM,MW 04:20 PM - 05:50 PM
1827,MAT125,9,AuR,RA 01:00 PM - 02:30 PM
1828,MAT125,10,AuR,RA 02:40 PM - 04:10 PM
1829,MAT125,11,Sharmin,MW 01:00 PM - 02:30 PM
1830,MAT125,12,Sharmin,MW 04:20 PM - 05:50 PM
1831,MAT125,13,MS1,MW 11:20 AM - 12:50 PM
1832,MAT125,14,MS1,MW 01:00 PM - 02:30 PM
1833,MAT125,15,LRn,RA 11:20 AM - 12:50 PM
1834,MAT125,16,LRn,RA 01:00 PM - 02:30 PM
1835,MAT130,1,OMG,MW 02:40 PM - 04:10 PM
1836,MAT130,2,OMG,MW 04:20 PM - 05:50 PM
1837,MAT130,3,Mtm,ST 08:00 AM - 09:30 AM
1838,MAT130,4,Mtm,ST 09:40 AM - 11:10 AM
1839,MAT130,5,HaR,MW 09:40 AM - 11:10 AM
1840,MAT130,6,HaR,MW 11:20 AM - 12:50 PM
1841,MAT130,7,HaR,MW 02:40 PM - 04:10 PM
1842,MAT130,8,Mtm,MW 08:00 AM - 09:30 AM
1843,MAT130,9,Mtm,MW 09:40 AM - 11:10 AM
1844,MAT130,10,ZHn,ST 09:40 AM - 11:10 AM
1845,MAT130,11,ZHn,ST 11:20 AM - 12:50 PM
1846,MAT130,12,ZHn,ST 02:40 PM - 04:10 PM
1847,MAT130,13,MS1,ST 11:20 AM - 12:50 PM
1848,MAT130,14,MS1,ST 01:00 PM - 02:30 PM
1849,MAT230,1,Cancelled,MW 01:00 PM - 02:30 PM
1850,MAT250,1,Ada,MW 02:40 PM - 04:10 PM
1851,MAT250,2,Ada,MW 04:20 PM - 05:50 PM
1852,MAT250,3,Mla,ST 09:40 AM - 11:10 AM
1853,MAT250,4,Mla,ST 11:20 AM - 12:50 PM
1854,MAT250,5,UMM,ST 01:00 PM - 02:30 PM
1855,MAT250,6,UMM,ST 04:20 PM - 05:50 PM
1856,MAT250,7,Frq,ST 01:00 PM - 02:30 PM
1857,MAT250,8,Frq,ST 04:20 PM - 05:50 PM
1858,MAT250,9,MAS,MW 02:40 PM - 04:10 PM
1859,MAT250,10,MAS,MW 04:20 PM - 05:50 PM
1860,MAT250,11,Bbn,RA 01:00 PM - 02:30 PM
1861,MAT250,12,Bbn,RA 02:40 PM - 04:10 PM
1862,MAT250,13,Ads,RA 02:40 PM - 04:10 PM
1863,MAT250,14,Ads,RA 04:20 PM - 05:50 PM
1864,MAT260,1,MtH,ST 02:40 PM - 04:10 PM
1865,MAT260,2,PPD,MW 01:00 PM - 02:30 PM
1866,MAT350,1,Fdw,ST 02:40 PM - 04:10 PM
1867,MAT350,2,Fdw,ST 04:20 PM - 05:50 PM
1868,MAT350,3,MtH,ST 09:40 AM - 11:10 AM
1869,MAT350,4,MtH,ST 11:20 AM - 12:50 PM
1870,MAT350,5,Mla,MW 09:40 AM - 11:10 AM
1871,MAT350,6,Mla,MW 11:20 AM - 12:50 PM
1872,MAT350,7,CNP,RA 02:40 PM - 04:10 PM
1873,MAT350,8,CNP,RA 04:20 PM - 05:50 PM
1874,MAT350,9,Amk,MW 02:40 PM - 04:10 PM
1875,MAT350,10,Amk,MW 04:20 PM - 05:50 PM
1876,MAT350,11,LSA,MW 02:40 PM - 04:10 PM
1877,MAT350,12,LSA,MW 04:20 PM - 05:50 PM
1878,MAT361,1,MsL,ST 11:20 AM - 12:50 PM
1879,MAT361,2,MsL,ST 01:00 PM - 02:30 PM
1880,MAT361,3,MsL,MW 11:20 AM - 12:50 PM
1881,MAT361,4,PPD,MW 02:40 PM - 04:10 PM
1882,MAT361,5,IsR,ST 08:00 AM - 09:30 AM
1883,MAT361,6,IsR,ST 09:40 AM - 11:10 AM
1884,MGT210,1,JnA,ST 08:00 AM - 09:30 AM
1885,MGT210,2,ShH,ST 09:40 AM - 11:10 AM
1886,MGT210,3,KSU,ST 11:20 AM - 12:50 PM
1887,MGT210,4,AbU,ST 11:20 AM - 12:50 PM
1888,MGT210,5,ShH,ST 11:20 AM - 12:50 PM
1889,MGT210,6,AbU,ST 01:00 PM - 02:30 PM
1890,MGT210,7,Afd,ST 01:00 PM - 02:30 PM
1891,MGT210,8,TYA,ST 01:00 PM - 02:30 PM
1892,MGT210,9,FAF,ST 04:20 PM - 05:50 PM
1893,MGT210,10,Afd,ST 04:20 PM - 05:50 PM
1894,MGT210,11,RSj,MW 08:00 AM - 09:30 AM
1895,MGT210,12,IsL,MW 09:40 AM - 11:10 AM
1896,MGT210,13,TRT,MW 09:40 AM - 11:10 AM
1897,MGT210,14,NEH,MW 11:20 AM - 12:50 PM
1898,MGT210,15,IsL,MW 01:00 PM - 02:30 PM
1899,MGT210,16,RSj,MW 01:00 PM - 02:30 PM
1900,MGT210,17,KSU,MW 02:40 PM - 04:10 PM
1901,MGT210,18,NEH,MW 02:40 PM - 04:10 PM
1902,MGT210,19,JnA,MW 04:20 PM - 05:50 PM
1903,MGT210,20,RHL,RA 08:00 AM - 09:30 AM
1904,MGT210,21,MSH4,RA 09:40 AM - 11:10 AM
1905,MGT210,22,MFM2,RA 02:40 PM - 04:10 PM
1906,MGT314,1,JMS,ST 08:00 AM - 09:30 AM
1907,MGT314,2,AtK,ST 08:00 AM - 09:30 AM
1908,MGT314,3,MSI2,ST 08:00 AM - 09:30 AM
1909,MGT314,4,JMS,ST 09:40 AM - 11:10 AM
1910,MGT314,5,YUB,ST 09:40 AM - 11:10 AM
1911,MGT314,6,Mfw,ST 09:40 AM - 11:10 AM
1912,MGT314,7,Mof,ST 01:00 PM - 02:30 PM
1913,MGT314,8,YUB,ST 01:00 PM - 02:30 PM
1914,MGT314,9,Mof,ST 02:40 PM - 04:10 PM
1915,MGT314,10,Nfs,ST 04:20 PM - 05:50 PM
1916,MGT314,11,JMS,MW 08:00 AM - 09:30 AM
1917,MGT314,12,Ift,MW 08:00 AM - 09:30 AM
1918,MGT314,13,HQ,MW 09:40 AM - 11:10 AM
1919,MGT314,14,Sqi,MW 11:20 AM - 12:50 PM
1920,MGT314,15,JMS,MW 11:20 AM - 12:50 PM
1921,MGT314,16,Sqi,MW 02:40 PM - 04:10 PM
1922,MGT314,17,Mof,RA 02:40 PM - 04:10 PM
1923,MGT314,18,Mof,RA 04:20 PM - 05:50 PM
1924,MGT321,1,UTH,MW 11:20 AM - 12:50 PM
1925,MGT321,2,Afd,MW 01:00 PM - 02:30 PM
1926,MGT321,3,UTH,MW 01:00 PM - 02:30 PM
1927,MGT321,4,Afd,MW 04:20 PM - 05:50 PM
1928,MGT321,5,RHL,RA 09:40 AM - 11:10 AM
1929,MGT321,6,TYA,RA 01:00 PM - 02:30 PM
1930,MGT321,7,MFM2,RA 04:20 PM - 05:50 PM
1931,MGT321,8,MKR2,RA 04:20 PM - 05:50 PM
1932,MGT351,1,TRT,ST 09:40 AM - 11:10 AM
1933,MGT351,2,Mli,ST 09:40 AM - 11:10 AM
1934,MGT351,3,NEH,ST 11:20 AM - 12:50 PM
1935,MGT351,4,RHL,ST 01:00 PM - 02:30 PM
1936,MGT351,5,MhW,ST 01:00 PM - 02:30 PM
1937,MGT351,6,TRT,ST 01:00 PM - 02:30 PM
1938,MGT351,7,NEH,ST 02:40 PM - 04:10 PM
1939,MGT351,8,MhW,ST 04:20 PM - 05:50 PM
1940,MGT351,9,MhW,MW 09:40 AM - 11:10 AM
1941,MGT351,10,ShH,MW 09:40 AM - 11:10 AM
1942,MGT351,11,ShH,MW 11:20 AM - 12:50 PM
1943,MGT351,12,Fatima,MW 01:00 PM - 02:30 PM
1944,MGT351,13,FD,RA 08:00 AM - 09:30 AM
1945,MGT351,14,MKR2,RA 02:40 PM - 04:10 PM
1946,MGT351,15,RHL,RA 01:00 PM - 02:30 PM
1947,MGT368,1,MfW,ST 11:20 AM - 12:50 PM
1948,MGT368,2,ShL,ST 01:00 PM - 02:30 PM
1949,MGT368,3,Mursalin,ST 02:40 PM - 04:10 PM
1950,MGT368,4,Mursalin,ST 04:20 PM - 05:50 PM
1951,MGT368,5,MfW,MW 09:40 AM - 11:10 AM
1952,MGT368,6,MfW,MW 11:20 AM - 12:50 PM
1953,MGT368,7,AbU,MW 11:20 AM - 12:50 PM
1954,MGT368,8,AbU,MW 01:00 PM - 02:30 PM
1955,MGT368,9,ReR,RA 01:00 PM - 02:30 PM
1956,MGT368,10,ReR,RA 02:40 PM - 04:10 PM
1957,MGT460,1,AtK,MW 08:00 AM - 09:30 AM
1958,MGT489,1,ZMU,ST 08:00 AM - 09:30 AM
1959,MGT489,2,Ift,ST 08:00 AM - 09:30 AM
1960,MGT489,3,ShL,ST 09:40 AM - 11:10 AM
1961,MGT489,4,ZMU,ST 11:20 AM - 12:50 PM
1962,MGT489,5,YUB,MW 09:40 AM - 11:10 AM
1963,MGT489,6,MHM,MW 09:40 AM - 11:10 AM
1964,MGT489,7,MHM,MW 11:20 AM - 12:50 PM
1965,MGT489,8,YUB,MW 02:40 PM - 04:10 PM
1966,MGT489,9,BHj,RA 11:20 AM - 12:50 PM
1967,MGT489,10,BHj,RA 01:00 PM - 02:30 PM
1968,MGT602,1,KZn,A 03:00 PM - 06:30 PM
1969,MGT604,1,Cmy,R 07:00 PM - 10:10 PM
1970,MGT656,1,UTH,T 07:00 PM - 10:10 PM
1971,MGT660,1,Tfq,F 09:00 AM - 12:30 PM
1972,MGT670,1,THB,A 07:00 PM - 10:10 PM
1973,MGT675,1,Hsi,A 07:00 PM - 10:10 PM
1974,MGT690,1,MdS,M 07:00 PM - 10:10 PM
1975,MIC101,1,JSJ,ST 11:20 AM - 12:50 PM
1976,MIC201,1,SKK,ST 09:40 AM - 11:10 AM
1977,MIC202,1,NBb,MW 11:20 AM - 12:50 PM
1978,MIC203,1,JSJ,ST 01:00 PM - 02:30 PM
1979,MIC204,1,EvM,ST 09:40 AM - 11:10 AM
1980,MIC206,1,NBb,MW 01:00 PM - 02:30 PM
1981,MIC207,1,Mqn,MW 09:40 AM - 11:10 AM
1982,MIC211,1,JSJ,RA 02:40 PM - 04:10 PM
1983,MIC211,2,JSJ,RA 09:40 AM - 11:10 AM
1984,MIC304,1,NBb,ST 11:20 AM - 12:50 PM
1985,MIC401,1,SFA2,ST 02:40 PM - 04:10 PM
1986,MIC499,1,TBA,MW 08:00 AM - 09:30 AM
1987,MIC499,2,TBA,RA 08:00 AM - 09:30 AM
1988,MIS105,1,NwA,ST 08:00 AM - 09:30 AM
1989,MIS105,2,NLi,ST 08:00 AM - 09:30 AM
1990,MIS105,3,Ayn,ST 08:00 AM - 09:30 AM
1991,MIS105,4,KMS2,ST 09:40 AM - 11:10 AM
1992,MIS105,5,NbA,ST 09:40 AM - 11:10 AM
1993,MIS105,6,NLi,ST 09:40 AM - 11:10 AM
1994,MIS105,7,NwA,ST 11:20 AM - 12:50 PM
1995,MIS105,8,Ayn,ST 11:20 AM - 12:50 PM
1996,MIS105,9,AIK,ST 11:20 AM - 12:50 PM
1997,MIS105,10,ZAA,ST 02:40 PM - 04:10 PM
1998,MIS105,11,Sharif,ST 02:40 PM - 04:10 PM
1999,MIS105,12,MRC,ST 02:40 PM - 04:10 PM
2000,MIS105,13,AIK,ST 02:40 PM - 04:10 PM
2001,MIS105,14,KMS2,ST 04:20 PM - 05:50 PM
2002,MIS105,15,ZAA,ST 04:20 PM - 05:50 PM
2003,MIS105,16,MRC,ST 04:20 PM - 05:50 PM
2004,MIS105,17,YsN,ST 04:20 PM - 05:50 PM
2005,MIS105,18,Sharif,ST 04:20 PM - 05:50 PM
2006,MIS105,19,NwA,MW 08:00 AM - 09:30 AM
2007,MIS105,20,Fhm,MW 08:00 AM - 09:30 AM
2008,MIS105,21,NbA,MW 09:40 AM - 11:10 AM
2009,MIS105,22,MhW,MW 01:00 PM - 02:30 PM
2010,MIS105,23,MhW,MW 04:20 PM - 05:50 PM
2011,MIS105,24,JSu2,RA 08:00 AM - 09:30 AM
2012,MIS105,25,MMS3,RA 08:00 AM - 09:30 AM
2013,MIS105,26,FKP,RA 08:00 AM - 09:30 AM
2014,MIS105,27,ASA1,RA 09:40 AM - 11:10 AM
2015,MIS105,28,MBR1,RA 09:40 AM - 11:10 AM
2016,MIS105,29,Nurul,RA 11:20 AM - 12:50 PM
2017,MIS105,30,FKP,RA 11:20 AM - 12:50 PM
2018,MIS105,31,MMS3,RA 11:20 AM - 12:50 PM
2019,MIS105,32,JSu2,RA 11:20 AM - 12:50 PM
2020,MIS105,33,ASA1,RA 01:00 PM - 02:30 PM
2021,MIS105,34,Sharif,RA 01:00 PM - 02:30 PM
2022,MIS105,35,MBR1,RA 01:00 PM - 02:30 PM
2023,MIS105,36,Nurul,RA 02:40 PM - 04:10 PM
2024,MIS105,37,AMR3,RA 02:40 PM - 04:10 PM
2025,MIS105,38,Mki,RA 02:40 PM - 04:10 PM
2026,MIS105,39,AMR3,RA 04:20 PM - 05:50 PM
2027,MIS105,40,Sharif,RA 04:20 PM - 05:50 PM
2028,MIS105,43,SMO,MW 09:40 AM - 11:10 AM
2029,MIS205,1,SAA2,ST 11:20 AM - 12:50 PM
2030,MIS205,2,SAA2,ST 01:00 PM - 02:30 PM
2031,MIS205,3,MBR1,MW 08:00 AM - 09:30 AM
2032,MIS205,4,Ayn,MW 08:00 AM - 09:30 AM
2033,MIS205,5,NLi,MW 08:00 AM - 09:30 AM
2034,MIS205,6,KMS2,MW 09:40 AM - 11:10 AM
2035,MIS205,7,Fhm,MW 11:20 AM - 12:50 PM
2036,MIS205,8,Ayn,MW 11:20 AM - 12:50 PM
2037,MIS205,9,AIK,MW 11:20 AM - 12:50 PM
2038,MIS205,10,KMS2,MW 01:00 PM - 02:30 PM
2039,MIS205,11,NLi,MW 02:40 PM - 04:10 PM
2040,MIS205,12,MMb,MW 02:40 PM - 04:10 PM
2041,MIS205,13,AIK,MW 02:40 PM - 04:10 PM
2042,MIS205,14,MMB,MW 04:20 PM - 05:50 PM
2043,MIS205,15,MBR1,MW 04:20 PM - 05:50 PM
2044,MIS205,16,1-Mar,RA 09:40 AM - 11:10 AM
2045,MIS205,17,1-Mar,RA 01:00 PM - 02:30 PM
2046,MIS210,1,Rzz,RA 08:00 AM - 09:30 AM
2047,MIS310,1,Rzz,RA 11:20 AM - 12:50 PM
2048,MIS450,1,NwA,MW 11:20 AM - 12:50 PM
2049,MIS460,1,NbA,ST 01:00 PM - 02:30 PM
2050,MIS470,1,NbA,MW 01:00 PM - 02:30 PM
2051,MIS480,1,SAA2,MW 01:00 PM - 02:30 PM
2052,MIS660,1,MRq,M 07:00 PM - 10:10 PM
2053,MIS661,1,MRq,T 07:00 PM - 10:10 PM
2054,MIS662,1,Srb,A 03:00 PM - 06:30 PM
2055,MKT202,1,AFH2,ST 02:40 PM - 04:10 PM
2056,MKT202,2,AFH2,ST 08:00 AM - 09:30 AM
2057,MKT202,3,Emd,ST 09:40 AM - 11:10 AM
2058,MKT202,4,Emd,ST 08:00 AM - 09:30 AM
2059,MKT202,5,FCh,ST 11:20 AM - 12:50 PM
2060,MKT202,6,FCh,ST 02:40 PM - 04:10 PM
2061,MKT202,7,FHz,ST 08:00 AM - 09:30 AM
2062,MKT202,8,FHz,ST 09:40 AM - 11:10 AM
2063,MKT202,9,Fss,MW 04:20 PM - 05:50 PM
2064,MKT202,10,Fss,MW 02:40 PM - 04:10 PM
2065,MKT202,11,IJL,MW 08:00 AM - 09:30 AM
2066,MKT202,12,IJL,RA 09:40 AM - 11:10 AM
2067,MKT202,13,MZL,RA 01:00 PM - 02:30 PM
2068,MKT202,14,Mev,RA 08:00 AM - 09:30 AM
2069,MKT202,15,Mev,RA 09:40 AM - 11:10 AM
2070,MKT202,16,MM1,RA 01:00 PM - 02:30 PM
2071,MKT202,17,MM1,RA 04:20 PM - 05:50 PM
2072,MKT202,18,MZL,RA 11:20 AM - 12:50 PM
2073,MKT202,19,Onf,ST 01:00 PM - 02:30 PM
2074,MKT202,20,Onf,ST 02:40 PM - 04:10 PM
2075,MKT202,21,QEA,MW 09:40 AM - 11:10 AM
2076,MKT202,22,Rst,MW 01:00 PM - 02:30 PM
2077,MKT202,23,Rst,MW 09:40 AM - 11:10 AM
2078,MKT202,24,Sne,ST 02:40 PM - 04:10 PM
2079,MKT202,25,Sne,ST 11:20 AM - 12:50 PM
2080,MKT330,1,Mev,MW 02:40 PM - 04:10 PM
2081,MKT330,2,Mev,MW 01:00 PM - 02:30 PM
2082,MKT337,1,EhN,MW 09:40 AM - 11:10 AM
2083,MKT337,2,EhN,ST 02:40 PM - 04:10 PM
2084,MKT337,3,Emd,MW 11:20 AM - 12:50 PM
2085,MKT337,4,Sne,MW 11:20 AM - 12:50 PM
2086,MKT337,5,MZL,MW 04:20 PM - 05:50 PM
2087,MKT337,6,Onf,MW 11:20 AM - 12:50 PM
2088,MKT337,7,Rfe,MW 04:20 PM - 05:50 PM
2089,MKT337,8,SeH,MW 02:40 PM - 04:10 PM
2090,MKT337,9,Sne,MW 02:40 PM - 04:10 PM
2091,MKT344,1,FCh,MW 11:20 AM - 12:50 PM
2092,MKT344,2,FCh,MW 01:00 PM - 02:30 PM
2093,MKT344,3,Fzy,ST 11:20 AM - 12:50 PM
2094,MKT344,4,IJL,RA 01:00 PM - 02:30 PM
2095,MKT344,5,IJL,RA 02:40 PM - 04:10 PM
2096,MKT344,6,NNA,MW 08:00 AM - 09:30 AM
2097,MKT344,7,NNA,ST 09:40 AM - 11:10 AM
2098,MKT344,8,NNA,ST 11:20 AM - 12:50 PM
2099,MKT344,9,QEA,ST 02:40 PM - 04:10 PM
2100,MKT344,10,QEA,ST 04:20 PM - 05:50 PM
2101,MKT344,11,SKI,ST 11:20 AM - 12:50 PM
2102,MKT382,1,Rst,ST 02:40 PM - 04:10 PM
2103,MKT382,2,Rst,ST 11:20 AM - 12:50 PM
2104,MKT382,3,SKI,ST 09:40 AM - 11:10 AM
2105,MKT412,1,ZTK,MW 09:40 AM - 11:10 AM
2106,MKT412,2,FHz,MW 09:40 AM - 11:10 AM
2107,MKT412,3,IJS,ST 08:00 AM - 09:30 AM
2108,MKT412,4,IJS,ST 09:40 AM - 11:10 AM
2109,MKT412,5,Mbt,RA 02:40 PM - 04:10 PM
2110,MKT412,6,FHz,MW 08:00 AM - 09:30 AM
2111,MKT450,1,Rfe,ST 01:00 PM - 02:30 PM
2112,MKT460,1,IJS,MW 08:00 AM - 09:30 AM
2113,MKT460,2,IJS,MW 11:20 AM - 12:50 PM
2114,MKT460,3,NNA,MW 09:40 AM - 11:10 AM
2115,MKT460,4,NTB,ST 01:00 PM - 02:30 PM
2116,MKT460,5,NTB,ST 09:40 AM - 11:10 AM
2117,MKT460,6,Rfe,MW 01:00 PM - 02:30 PM
2118,MKT460,7,SeH,ST 04:20 PM - 05:50 PM
2119,MKT465,1,ZTK,MW 01:00 PM - 02:30 PM
2120,MKT465,2,NTB,MW 11:20 AM - 12:50 PM
2121,MKT465,3,Onf,MW 02:40 PM - 04:10 PM
2122,MKT465,4,Rfe,ST 04:20 PM - 05:50 PM
2123,MKT465,5,SeH,ST 01:00 PM - 02:30 PM
2124,MKT465,6,Emd,MW 09:40 AM - 11:10 AM
2125,MKT470,1,AFH2,RA 08:00 AM - 09:30 AM
2126,MKT470,2,AFH2,RA 09:40 AM - 11:10 AM
2127,MKT470,3,Dsr,RA 02:40 PM - 04:10 PM
2128,MKT470,4,Dsr,RA 04:20 PM - 05:50 PM
2129,MKT470,5,MM1,ST 01:00 PM - 02:30 PM
2130,MKT470,6,MM1,ST 04:20 PM - 05:50 PM
2131,MKT470,7,Tmr,ST 04:20 PM - 05:50 PM
2132,MKT470,8,Dr.Tayeenu,RA 02:40 PM - 04:10 PM
2133,MKT480,1,SeH,MW 04:20 PM - 05:50 PM
2134,MKT621,1,MdS,T 07:00 PM - 10:10 PM
2135,MKT623,1,MbK,A 03:00 PM - 06:30 PM
2136,MKT625,1,ZaH,F 09:00 AM - 12:30 PM
2137,MKT625,2,Tayeenul H,A 07:00 PM - 10:10 PM
2138,MKT626,1,BkR,R 07:00 PM - 10:10 PM
2139,MKT626,2,BkR,T 07:00 PM - 10:10 PM
2140,MKT627,1,DSr,R 07:00 PM - 10:10 PM
2141,MKT627,2,THB,F 07:00 PM - 10:10 PM
2142,MKT629,1,Dr. Aburez,W 07:00 PM - 10:10 PM
2143,MKT630,1,Bhl,F 07:00 PM - 10:10 PM
2144,MKT631,1,AFS,M 07:00 PM - 10:10 PM
2145,MKT633,1,DSr,W 07:00 PM - 10:10 PM
2146,MKT634,1,Miz,S 07:00 PM - 10:10 PM
2147,PAD201,1,Mbu,MW 09:40 AM - 11:10 AM
2148,PAD201,2,Mbu,MW 02:40 PM - 04:10 PM
2149,PAD201,3,SLK,ST 01:00 PM - 02:30 PM
2150,PAD201,4,SR3,ST 02:40 PM - 04:10 PM
2151,PAD201,5,SR3,MW 01:00 PM - 02:30 PM
2152,PAD201,6,MR,MW 04:20 PM - 05:50 PM
2153,PAD201,7,NzM,RA 09:40 AM - 11:10 AM
2154,PAD201,8,TfA,RA 08:00 AM - 09:30 AM
2155,PAD201,9,TfA,RA 11:20 AM - 12:50 PM
2156,PAD201,10,SR3,ST 08:00 AM - 09:30 AM
2157,PAD201,11,SuA2,RA 08:00 AM - 09:30 AM
2158,PAD201,12,SuA2,RA 09:40 AM - 11:10 AM
2159,PAD201,13,MR,RA 08:00 AM - 09:30 AM
2160,PAD201,14,Cancelled,MW 04:20 PM - 05:50 PM
2161,PBH101,1,SbS,ST 11:20 AM - 12:50 PM
2162,PBH101,2,SbS,ST 01:00 PM - 02:30 PM
2163,PBH101,3,HtN,ST 01:00 PM - 02:30 PM
2164,PBH101,4,Abl,ST 02:40 PM - 04:10 PM
2165,PBH101,5,NKD,ST 04:20 PM - 05:50 PM
2166,PBH101,6,TBA,ST 02:40 PM - 04:10 PM
2167,PBH101,7,SbS,MW 11:20 AM - 12:50 PM
2168,PBH101,8,ABy,MW 01:00 PM - 02:30 PM
2169,PBH101,9,ABy,MW 02:40 PM - 04:10 PM
2170,PBH101,10,YTJ,ST 09:40 AM - 11:10 AM
2171,PBH101,11,SCw,ST 11:20 AM - 12:50 PM
2172,PBH101,12,SbS,MW 01:00 PM - 02:30 PM
2173,PBH101,13,DHH,MW 09:40 AM - 11:10 AM
2174,PBH101,14,TBA,MW 04:20 PM - 05:50 PM
2175,PBH101,15,YTJ,MW 11:20 AM - 12:50 PM
2176,PBH101,16,dss,ST 04:20 PM - 05:50 PM
2177,PBH101,17,SCw,MW 02:40 PM - 04:10 PM
2178,PBH101,18,Nme,MW 08:00 AM - 09:30 AM
2179,PBH101,19,SCw,ST 09:40 AM - 11:10 AM
2180,PBH101,20,SCw,MW 09:40 AM - 11:10 AM
2181,PBH101,21,SzP,ST 08:00 AM - 09:30 AM
2182,PBH101,22,Kzb,ST 08:00 AM - 09:30 AM
2183,PBH101,23,SzP,RA 09:40 AM - 11:10 AM
2184,PBH101,24,SgD,RA 09:40 AM - 11:10 AM
2185,PBH101,25,SgD,RA 11:20 AM - 12:50 PM
2186,PBH101,26,TBA,ST 08:00 AM - 09:30 AM
2187,PBH101,27,YTJ,ST 08:00 AM - 09:30 AM
2188,PBH101,28,YTJ,MW 08:00 AM - 09:30 AM
2189,PBH101,29,TBA,MW 08:00 AM - 09:30 AM
2190,PBH101,30,TBA,RA 08:00 AM - 09:30 AM
2191,PBH101,31,TBA,RA 08:00 AM - 09:30 AM
2192,PBH101,32,TBA,RA 11:20 AM - 12:50 PM
2193,PBH101,33,TBA,RA 01:00 PM - 02:30 PM
2194,PBH101,34,TBA,RA 01:00 PM - 02:30 PM
2195,PBH101,35,TBA,ST 04:20 PM - 05:50 PM
2196,PBH101,36,TBA,MW 04:20 PM - 05:50 PM
2197,PBH101,37,TBA,RA 02:40 PM - 04:10 PM
2198,PBH101,38,TBA,RA 02:40 PM - 04:10 PM
2199,PBH101,39,TBA,RA 04:20 PM - 05:50 PM
2200,PBH101,40,TBA,MW 08:00 AM - 09:30 AM
2201,PBH101L,1,TBA,TBA
2202,PBH101L,2,TBA,TBA
2203,PBH101L,3,TBA,TBA
2204,PBH101L,4,TBA,TBA
2205,PBH101L,5,TBA,TBA
2206,PBH602,1,KLn,F 10:35 AM - 01:20 PM
2207,PBH605,1,TBA,TBA
2208,PBH605,2,TBA,TBA
2209,PBH605,3,TBA,TBA
2210,PBH609,1,TBA,F 03:00 PM - 06:00 PM
2211,PBH611,1,AH1,M 06:00 PM - 09:10 PM
2212,PBH611,2,AH1,F 07:30 AM - 10:30 AM
2213,PBH631,1,Mnz,T 06:00 PM - 09:10 PM
2214,PBH631,2,Ltm,F 06:10 PM - 09:00 PM
2215,PBH642,1,SR,S 06:00 PM - 09:10 PM
2216,PBH642,2,DHH,F 03:00 PM - 06:00 PM
2217,PBH643,1,StR,T 06:00 PM - 09:10 PM
2218,PBH644,1,SrR1,S 06:00 PM - 09:10 PM
2219,PBH653,1,NAj,F 07:30 AM - 10:30 AM
2220,PBH663,1,SzP,W 06:00 PM - 09:10 PM
2221,PBH663,2,MhH,F 10:35 AM - 01:20 PM
2222,PBH671,1,KLn,F 07:30 AM - 10:30 AM
2223,PBH672,1,THA,F 10:35 AM - 01:20 PM
2224,PBH678,1,TBA,F 06:10 PM - 09:00 PM
2225,PBH681,1,ABy,F 10:35 AM - 01:20 PM
2226,PBH701,1,Mdb,F 10:35 AM - 01:20 PM
2227,PBH701,2,SHo,F 10:35 AM - 01:20 PM
2228,PBH704,1,TBA,F 03:00 PM - 06:00 PM
2229,PBH706,1,AQy,F 10:35 AM - 01:20 PM
2230,PBH711,1,AH1,F 10:35 AM - 01:20 PM
2231,PBH711,2,AH1,F 03:00 PM - 06:00 PM
2232,PBH712,1,SrR1,R 06:00 PM - 09:10 PM
2233,PBH712,2,TBA,F 07:30 AM - 10:30 AM
2234,PBH714,1,TBA,F 06:10 PM - 09:00 PM
2235,PBH734,1,AQy,F 03:00 PM - 06:00 PM
2236,PBH742,1,MTI,F 06:10 PM - 09:00 PM
2237,PBH742,2,DHH,W 06:00 PM - 09:10 PM
2238,PBH745,1,Nme,F 03:00 PM - 06:00 PM
2239,PBH771,1,SzP,F 03:00 PM - 06:00 PM
2240,PBH781,1,DHH,F 07:30 AM - 10:30 AM
2241,PBH782,1,MIs,F 03:00 PM - 06:00 PM
2242,PBH805,1,GdA,TBA
2243,PBH805,2,MhH,TBA
2244,PBH805,3,SrR1,TBA
2245,PBH805,4,AH1,TBA
2246,PBH805,5,DHH,TBA
2247,PBH806,1,GdA,TBA
2248,PBH806,2,MhH,TBA
2249,PBH806,3,SrR1,TBA
2250,PBH806,4,AH1,TBA
2251,PBH806,5,DHH,TBA
2252,PBH842,1,HtN,F 03:00 PM - 06:00 PM
2253,PBH842,2,HtN,T 06:00 PM - 09:10 PM
2254,PHI101,1,NKZ,MW 09:40 AM - 11:10 AM
2255,PHI101,2,NKZ,MW 01:00 PM - 02:30 PM
2256,PHI101,3,JSU,ST 08:00 AM - 09:30 AM
2257,PHI101,4,RAK,ST 11:20 AM - 12:50 PM
2258,PHI101,5,Mtn4,RA 09:40 AM - 11:10 AM
2259,PHI101,6,Mtn4,RA 11:20 AM - 12:50 PM
2260,PHI101,7,Mtn4,RA 02:40 PM - 04:10 PM
2261,PHI101,8,AIS,RA 09:40 AM - 11:10 AM
2262,PHI101,9,AIS,RA 11:20 AM - 12:50 PM
2263,PHI101,10,JSU,ST 11:20 AM - 12:50 PM
2264,PHI101,11,TBA,ST 08:00 AM - 09:30 AM
2265,PHI101,12,JSU,ST 09:40 AM - 11:10 AM
2266,PHI101,13,MnT,RA 11:20 AM - 12:50 PM
2267,PHI101,14,Krl,ST 11:20 AM - 12:50 PM
2268,PHI101,15,Krl,ST 02:40 PM - 04:10 PM
2269,PHI104,1,NKZ,ST 08:00 AM - 09:30 AM
2270,PHI104,2,NKZ,ST 01:00 PM - 02:30 PM
2271,PHI104,3,RAK,RA 08:00 AM - 09:30 AM
2272,PHI104,4,MnT,RA 02:40 PM - 04:10 PM
2273,PHI104,5,MnT,RA 04:20 PM - 05:50 PM
2274,PHI104,6,RAK,RA 11:20 AM - 12:50 PM
2275,PHI401,1,Shd,RA 02:40 PM - 04:10 PM
2276,PHI401,2,Shd,RA 04:20 PM - 05:50 PM
2277,PHI401,3,KTR,RA 11:20 AM - 12:50 PM
2278,PHI401,4,TAS,RA 04:20 PM - 05:50 PM
2279,PHI401,5,Krl,ST 04:20 PM - 05:50 PM
2280,PHI401,6,TAS,RA 01:00 PM - 02:30 PM
2281,PHI401,7,KTR,RA 04:20 PM - 05:50 PM
2282,PHI401,8,SAH,RA 08:00 AM - 09:30 AM
2283,PHI401,9,SAH,RA 09:40 AM - 11:10 AM
2284,PHI401,10,SAH,MW 11:20 AM - 12:50 PM
2285,PHI401,11,BAI,RA 08:00 AM - 09:30 AM
2286,PHI401,12,BAI,RA 11:20 AM - 12:50 PM
2287,PHI401,13,BAI,RA 01:00 PM - 02:30 PM
2288,PHI401,14,AfB,RA 09:40 AM - 11:10 AM
2289,PHI401,15,AfB,RA 11:20 AM - 12:50 PM
2290,PHI401,16,TBA,RA 01:00 PM - 02:30 PM
2291,PHR5001,1,AbF,T 07:00 PM - 10:10 PM
2292,PHR5001,2,dmn,W 07:00 PM - 10:10 PM
2293,PHR5002,1,Mna,R 07:00 PM - 10:10 PM
2294,PHR5002,2,SMS3,M 07:00 PM - 10:10 PM
2295,PHR5003,1,Tsk,A 09:00 AM - 12:00 PM
2296,PHR5003,2,Tsk,F 09:00 AM - 12:00 PM
2297,PHR5011,1,hhm,M 07:00 PM - 10:10 PM
2298,PHR5011,2,4-Mar,S 07:00 PM - 10:10 PM
2299,PHR5012,1,Mfl,T 07:00 PM - 10:10 PM
2300,PHR5012,2,Frk,T 07:00 PM - 10:10 PM
2301,PHR5013,1,MNs,R 07:00 PM - 10:10 PM
2302,PHR5013,2,MCS,W 07:00 PM - 10:10 PM
2303,PHR5015,1,MSs,W 07:00 PM - 10:10 PM
2304,PHR5021,1,Slz,M 07:00 PM - 10:10 PM
2305,PHR5022,1,SSH,A 09:00 AM - 12:00 PM
2306,PHR5023,1,GMR,W 07:00 PM - 10:10 PM
2307,PHR5101,1,RRz,A 03:00 PM - 05:55 PM
2308,PHR5101,2,RID,F 09:00 AM - 12:30 PM
2309,PHR5106,1,PJn,S 07:00 PM - 10:10 PM
2310,PHR5108,1,Afr,F 03:00 PM - 06:30 PM
2311,PHR5110,1,TBA,TBA
2312,PHR5111,1,TBA,TBA
2313,PHR5112,1,TBA,TBA
2314,PHR5113,1,TBA,TBA
2315,PHR5201,1,HnM,R 07:00 PM - 10:10 PM
2316,PHR5201,2,Nkt,F 09:00 AM - 12:00 PM
2317,PHR5209,1,SeR,M 07:00 PM - 10:10 PM
2318,PHY107,1,MfR,MW 09:40 AM - 11:10 AM
2319,PHY107,2,MfR,MW 11:20 AM - 12:50 PM
2320,PHY107,3,MfR,MW 02:40 PM - 04:10 PM
2321,PHY107,4,Aua,ST 09:40 AM - 11:10 AM
2322,PHY107,5,Aua,ST 11:20 AM - 12:50 PM
2323,PHY107,6,Aua,MW 09:40 AM - 11:10 AM
2324,PHY107,7,Auz,MW 04:20 PM - 05:50 PM
2325,PHY107L,1,MfR,S 11:20 AM - 02:30 PM
2326,PHY107L,2,MfR,S 02:00 PM - 05:00 PM
2327,PHY107L,3,MfR,T 11:20 AM - 02:30 PM
2328,PHY107L,4,Aua,T 02:00 PM - 05:00 PM
2329,PHY107L,5,Aua,M 02:00 PM - 05:00 PM
2330,PHY107L,6,Aua,W 02:00 PM - 05:00 PM
2331,PHY107L,7,AuZ,W 11:20 AM - 02:30 PM
2332,PHY108,1,AuZ,ST 02:40 PM - 04:10 PM
2333,PHY108,2,AuZ,ST 04:20 PM - 05:50 PM
2334,PHY108,3,SCG,MW 02:40 PM - 04:10 PM
2335,PHY108,4,SCG,MW 04:20 PM - 05:50 PM
2336,PHY108,5,ZUM,MW 01:00 PM - 02:30 PM
2337,PHY108,6,ZUM,MW 04:20 PM - 05:50 PM
2338,PHY108L,1,AuZ,A 08:00 AM - 11:00 AM
2339,PHY108L,2,SCG,M 08:00 AM - 11:10 AM
2340,PHY108L,3,SCG,R 08:00 AM - 11:00 AM
2341,POL101,1,EdH,ST 11:20 AM - 12:50 PM
2342,POL101,2,EdH,ST 02:40 PM - 04:10 PM
2343,POL101,3,EdH,MW 11:20 AM - 12:50 PM
2344,POL101,4,EdH,MW 02:40 PM - 04:10 PM
2345,POL101,5,Mbu,ST 09:40 AM - 11:10 AM
2346,POL101,6,CMy,RA 08:00 AM - 09:30 AM
2347,POL101,7,CMy,RA 09:40 AM - 11:10 AM
2348,POL101,8,CMy,RA 01:00 PM - 02:30 PM
2349,POL101,9,MH,ST 09:40 AM - 11:10 AM
2350,POL101,10,MH,ST 11:20 AM - 12:50 PM
2351,POL101,11,MH,MW 09:40 AM - 11:10 AM
2352,POL101,12,MH,MW 11:20 AM - 12:50 PM
2353,POL101,13,MJU,ST 01:00 PM - 02:30 PM
2354,POL101,14,MJU,ST 04:20 PM - 05:50 PM
2355,POL101,15,MJU,RA 01:00 PM - 02:30 PM
2356,POL101,16,MJU,RA 04:20 PM - 05:50 PM
2357,POL101,17,TBK,MW 01:00 PM - 02:30 PM
2358,POL101,18,TBK,RA 09:40 AM - 11:10 AM
2359,POL101,19,TBK,RA 11:20 AM - 12:50 PM
2360,POL101,20,TBK,RA 02:40 PM - 04:10 PM
2361,POL101,21,SR3,MW 09:40 AM - 11:10 AM
2362,POL101,22,SR3,MW 02:40 PM - 04:10 PM
2363,POL101,23,Klm,RA 09:40 AM - 11:10 AM
2364,POL101,24,Aym,RA 09:40 AM - 11:10 AM
2365,POL101,25,Aym,RA 02:40 PM - 04:10 PM
2366,POL101,26,2-Mar,RA 04:20 PM - 05:50 PM
2367,POL101,27,MJU,RA 11:20 AM - 12:50 PM
2368,POL101,28,Aym,RA 01:00 PM - 02:30 PM
2369,POL101,29,2-Mar,RA 02:40 PM - 04:10 PM
2370,POL104,1,MR,RA 11:20 AM - 12:50 PM
2371,POL104,2,MR,RA 02:40 PM - 04:10 PM
2372,POL104,3,SLK,ST 08:00 AM - 09:30 AM
2373,POL104,4,MR,RA 09:40 AM - 11:10 AM
2374,POL202,1,CMy,MW 08:00 AM - 09:30 AM
2375,POL202,2,Klm,RA 01:00 PM - 02:30 PM
2376,PSY101,1,HAB,ST 09:40 AM - 11:10 AM
2377,PSY101,2,HAB,ST 01:00 PM - 02:30 PM
2378,PSY101,3,SFK,RA 08:00 AM - 09:30 AM
2379,PSY101,4,SFK,RA 09:40 AM - 11:10 AM
2380,PSY101,5,SFK,RA 01:00 PM - 02:30 PM
2381,PSY101,6,FDN,ST 09:40 AM - 11:10 AM
2382,PSY101,7,FDN,ST 01:00 PM - 02:30 PM
2383,PSY101,8,FDN,MW 09:40 AM - 11:10 AM
2384,PSY101,9,NVS,ST 11:20 AM - 12:50 PM
2385,PSY101,10,NVS,ST 04:20 PM - 05:50 PM
2386,PSY101,11,NVS,MW 09:40 AM - 11:10 AM
2387,PSY101,12,NVS,MW 11:20 AM - 12:50 PM
2388,PSY201,1,FDN,MW 01:00 PM - 02:30 PM
2389,REM652,1,TBA,M 06:00 PM - 09:10 PM
2390,SCM320,1,MSI2,ST 02:40 PM - 04:10 PM
2391,SOC101,1,BSq,ST 11:20 AM - 12:50 PM
2392,SOC101,2,BSq,MW 11:20 AM - 12:50 PM
2393,SOC101,3,MHR3,ST 04:20 PM - 05:50 PM
2394,SOC101,4,MHR3,RA 09:40 AM - 11:10 AM
2395,SOC101,5,TZf,ST 09:40 AM - 11:10 AM
2396,SOC101,6,TZf,ST 11:20 AM - 12:50 PM
2397,SOC101,7,TZf,RA 08:00 AM - 09:30 AM
2398,SOC101,8,MAj,ST 01:00 PM - 02:30 PM
2399,SOC101,9,MAj,ST 04:20 PM - 05:50 PM
2400,SOC101,10,MAj,MW 08:00 AM - 09:30 AM
2401,SOC101,11,MAj,MW 11:20 AM - 12:50 PM
2402,SOC101,12,PbR,ST 01:00 PM - 02:30 PM
2403,SOC101,13,PbR,ST 04:20 PM - 05:50 PM
2404,SOC101,14,Fns,MW 09:40 AM - 11:10 AM
2405,SOC101,15,NN,MW 02:40 PM - 04:10 PM
2406,SOC101,16,NN,MW 04:20 PM - 05:50 PM
2407,SOC101,17,MzK,RA 08:00 AM - 09:30 AM
2408,SOC101,18,MzK,RA 09:40 AM - 11:10 AM
2409,SOC101,19,MzK,RA 01:00 PM - 02:30 PM
2410,SOC101,20,AAA,ST 04:20 PM - 05:50 PM
2411,SOC101,21,AAA,RA 02:40 PM - 04:10 PM
2412,SOC101,22,AAA,RA 04:20 PM - 05:50 PM
2413,SOC101,23,Fns,MW 08:00 AM - 09:30 AM
2414,SOC101,24,PbR,MW 02:40 PM - 04:10 PM
2415,SOC101,25,MHR3,RA 11:20 AM - 12:50 PM
2416,SOC201,1,NzM,RA 11:20 AM - 12:50 PM
2417,WMS201,1,PbR,MW 01:00 PM - 02:30 PM
